name sin,name eng,house eng,house sin,kingdom eng,kingdom sin,Temples eng,Temples sin,other constructions eng,other constructions sin,Inscriptions eng,Inscriptions sin,irrigation work eng,irrigation work sin,start of reign,end of reign,years of reign,reign,claim to the throne sin,claim to the throne eng,description
විජය,Vijaya,Vijaya,විජය,Tambapanni,තම්බපණ්ණි,,,,,,,,,-543,-505,38,"{ ""gte"": -543 ,""lte"":-505 }",ආක්‍රමණිකයෙකි,An invader,ඔහුගේ වැරදි ක්‍රියා පිළිවෙත හේතුවෙන් ඔහු ඇතුළු ඔහුගේ අනුගාමිකයන් 700 දෙනෙකුට තම මව් රටින් පිටුවහල් වීමට සිදු වෙයි. ශ්‍රී ලංකාවට ගොඩ බසින විජය ඇතුළු පිරිසට කුවේණි නම් යක්කනිය මුණ ගැසෙයි. කුවේනිය විජය සමග විවාහ විය. ඉන්පසු ඇගේ සහය ඇති ව විජය යක්කයින් පරාජය කොට ලක්දිව රජ වෙයි.
උපතිස්ස ,Upatissa(regent),Vijaya,විජය,Upatissa Nuwara,උපතිස්ස නුවර,,,,,,,,,-505,-504,1,"{ ""gte"": -505 ,""lte"":-504 }",විජයගේ ප්‍රධාන අමාත්‍යවරයායි.,Vijaya's Chief Minister.,"""උපතිස්සගම"" ඔහු විසින් ඉදිකරන ලද්දකි."
"පණ්ඩුවාසදේව,පඬුවස්දෙව්",Panduvasdeva,Vijaya,විජය,Upatissa Nuwara,උපතිස්ස නුවර,,,,,,,,,-504,-474,30,"{ ""gte"": -504 ,""lte"":-474 }",විජයගේ බෑණා ය.,Vijaya's nephew.,"භද්දකච්චායනා කුමරිය නම් ශාක්‍ය වංශික කුමරියක් බිසව කරගත්තේය. ඇගෙන් ඔහුට අභය,තිස්ස,උත්තිය,තිස්සා,අසේල,විහාන,රාම,ශිව,මත්තකාල,මත්තක, යනුවෙන් පුතුන් 10 දෙනෙකු සහ චිත්‍රා (උන්මාද චිත්‍රා) යනුවෙන් දියණියක්ද විය."
අභය,Abhaya,Vijaya,විජය,Upatissa Nuwara,උපතිස්ස නුවර,,,,,,,,,-474,-454,20,"{ ""gte"": -474 ,""lte"":-454 }",පණ්ඩුවාසදේවගේ පුත්‍රයායි.,Son of Panduwasadeva.,
තිස්ස,Tissa(regent),Vijaya,විජය,Upatissa Nuwara,උපතිස්ස නුවර,,,,,,,,,-454,-437,17,"{ ""gte"": -454 ,""lte"":-437 }",පණ්ඩුවාසදේවගේ දෙවන පුත්‍රයාය. අභයගේ බාල සොහොයුරායි‍.,He was the second son of Panduwasadeva. Abhaya's younger brother.,වැඩිමහල් සහෝදරයා වූ අභය රජු සිහසුනෙන් ඉවත් කිරීමෙන් පසු ඔහුගේ බාල සොහොයුරන් අට දෙනා විසින් ඔහු නියෝජිතයා ලෙස පත් කරන ලදී.තිස්ස කියා සිටියේ තම බෑණා වන පණ්ඩුකාභය පරාජය කිරීමෙන් පසුව තමා රජකමට අභිෂේක කරන බවයි. එහෙත් පණ්ඩුකාභය සටනින් ජයග්‍රහණය කරයි. තිස්ස ඔහුගේ බාල සොහොයුරන් අට දෙනා සමඟම සටනේදී මිය ගියේය.
පණ්ඩුකාභය,Pandukabhaya,Vijaya,විජය,Anuradhapura,අනුරාධපුර,,,,,,,"Abhaya Wewa, Basawakkulama Wewa, Jaya Wewa","අභය වැව,බසවක්කුලම වැව,ජය වැව",-437,-367,70,"{ ""gte"": -437 ,""lte"":-367 }",පණ්ඩුවාසදේවගේ මුණුපුරායි. අභය සහ තිස්සගේ බෑණායි.,Grandson of PanduvasudevaNephew of Abhaya and Tissa,ආර්යයන් පරදා රට එක් සෙසත් කළ මුල්ම ස්වදෙශික පාලකයාය. මව උන්මාද චිත්‍රා කුමරිය සහ පියා දීඝගාමිණී කුමරු වේ.
මුටසීව,Mutasiva,Vijaya,විජය,Anuradhapura,අනුරාධපුර,,,Mahamevuna Park,මහමෙවුනා උද්‍යානය,,,,,-367,-307,60,"{ ""gte"": -367 ,""lte"":-307 }",පණ්ඩුකාභය රජුගේ පුත්‍රයායි.,Son of Pandukabhaya,"පුතුන් නව දෙනෙකු වූ අතර, දේවානම්පිය තිස්ස රජ, උත්තිය රජ, මහාසිව රජ සහ අසේල රජ වැනි, ඔවුන්ගෙන් සමහරුන් ඔහුගේ අනුප්‍රාප්තිකයෝ වූහ."
"දේවානම්පිය තිස්ස,දෙවන පෑ තිස්",Devanampiya Tissa,Vijaya,විජය,Anuradhapura,අනුරාධපුර,"Muthiyanganaya, Isurumuniya, Thuparamaya, Aluviharaya, Rasvehera, Sri Maha Bodhi","මුතියංගනය,ඉසුරුමුණිය,ථූපාරාමය,අළුවිහාරය,රැස්වෙහෙර,ශ්‍රී මහා බෝධිය",Goldfish Garden,රන්මසු උයන,,,Tissa Lake,තිසා වැව,-307,-267,40,"{ ""gte"": -307 ,""lte"":-267 }",මුටසීවගේ පුත්‍රයායි.,Son of Mutasiva,"මෞර්ය වංශික අශෝක අධිරාජ්‍යයාගේ අනුග්‍රහය ඇතිව එම පාලන සමය තුළ ලංකාවට බුද්ධාගම පැමිණීම, විදිමත් අභිෂේක ක්‍රමයක් ලැබීම, පංච කකුධ භාණ්ඩ ලැබීම මෙම රජසමය තුල සිදුවිය​. "
උත්තිය,Uttiya,Vijaya,විජය,Anuradhapura,අනුරාධපුර,,,,,,,,,-267,-257,10,"{ ""gte"": -267 ,""lte"":-257 }",මුටසීවගේ පුත්‍රයායි.,Son of Mutasiva,
මහාසිව,Mahasiva,Vijaya,විජය,Anuradhapura,අනුරාධපුර,,,,,,,,,-257,-247,10,"{ ""gte"": -257 ,""lte"":-247 }",මුටසීවගේ පුත්‍රයායි.,Son of Mutasiva,
සූරතිස්ස,Suratissa,Vijaya,විජය,Anuradhapura,අනුරාධපුර,,,,,,,,,-247,-237,10,"{ ""gte"": -247 ,""lte"":-237 }",පණ්ඩුකාභයගේ පුත්‍රයායි.,Son of Pandukabhaya,
සේන සහ ගුත්තික,Sena and Guttika,,,Anuradhapura,අනුරාධපුර,,,,,,,,,-237,-215,22,"{ ""gte"": -237 ,""lte"":-215 }",ආක්‍රමණිකයෙකි,An invader,ලංකාවට පැමිණි ප්‍රතම ආක්‍රමණිකයන් ලෙස මහාවංශයයේ සදහන්වේ. මොවුන් දෙදෙනා දුවිඩ ජාතික අශ්ව වෙළදුන් දෙදෙනෙකි. ලංකාව පැමිණ සූරතිස්ස රජුගේ හමුදාවට බැදී කලක් සේවය කොට කුමන්ත්‍රණකාරීව බලය අල්ලාගෙන සූරතිස්ස රජු මරා සිහසුන පැහැරගත්හ​. මොවුන් වෙහෙර විහාර විනාශ කරමින් අධාර්මික පාලනයන් ගෙනගියහ
අසේල,Asela,Vijaya,විජය,Anuradhapura,අනුරාධපුර,,,,,,,,,-215,-205,10,"{ ""gte"": -215 ,""lte"":-205 }",මුටසීවගේ පුත්‍රයායි.,Son of Mutasiva,සේන සහ ගුත්තික යන ද්‍රවිඩ ආක්‍රමණිකයන් මරා රජකම් කරන ලදී. එළාර විසින් අසේල රජු මරවා රජරට සිය යටතට ලබා ගන්නා ලදී.
එළාර,Elara,Chola,චෝළ,Anuradhapura,අනුරාධපුර,,,,,,,,,-205,-161,44,"{ ""gte"": -205 ,""lte"":-161 }",ආක්‍රමණිකයෙකි,An invader,"සොළී රටෙහි දෙමළ ජාතිකයෙකු වන එළාර, සිංහලයන් විසින් පවා සාම්ප්‍රදායික ලෙසින් සැලකෙන්නේ ධර්මිෂ්ඨ රජෙකු ලෙසිනි"
"මහා දුට්ඨගාමිණී අභය,දුට්ඨගාමිණී,දුටුගැමුණු","Dutugamunu the Great,Dutta Gamini or Dutugemunu,Duttagamini Abaya",Vijaya,විජය,Anuradhapura,අනුරාධපුර,"Ruwanweliseya, Miriswetiya, Lowamahapaya, Silver Temple","රුවන්වැලිසෑය,මිරිස්වැටිය,ලෝවාමහාපාය,රිදී විහාරය",,,,,,,-161,-137,24,"{ ""gte"": -161 ,""lte"":-137 }",කාවන්තිස්ස රජුගේ වැඩිමහල් පුත්‍රයායි.,Eldest son of Kavan Tissa,"එළාර රජුව පැරදවී ය. මුලින් රුහුණේ පාලකයා විය. මහාවංශයට අනුව දුටුගැමුණු රජු සිය යුද්ධ මෙහෙයුම දියත් කරනු ලැබුවේ “මාගේ වෑයම රජ සැප විදීම සඳහා නොව, බුද්ධාගමේ චිරස්ථිතිය සඳහාය” යනුවෙන් පවසමිනි. මොහුට දස මහා යෝධයෝ සිටියෝ ය. ඔවුන් ""සුරනිමල, මහාසෝන, ගෝඨයිම්බර, ථේරපුත්තාභය, භරණ, වේළුසුමන, ලභියවසභ, ඛංඡදේව, පුස්සදේව, නන්දිමිත්‍ර වේ."
සද්ධාතිස්ස,Saddha Tissa,Vijaya,විජය,Anuradhapura,අනුරාධපුර,,,,,,,,,-137,-119,18,"{ ""gte"": -137 ,""lte"":-119 }",දුටුගැමුණු රජුගේ සොහොයුරායි. කාවන්තිස්ස රජුගේ පුත්‍රයායි.,Brother of Dutugemunu,"මෙතුමාට අනුලා දේවි සහ සෝමා දේවි නමින් බිසවන් 2ක් වූහ. දරුවෝ සිව් දෙනෙකි. ඔවුන් තුලත්ථන,ලංජතිස්ස, ඛල්ලාඨනාග, මහාචුලික,වළගම්බා නම් විය​."
"තුලත්ථන,තුල්නා","Thulatthana,Tulna",Vijaya,විජය,Anuradhapura,අනුරාධපුර,,,,,,,,,-119,-119,0,"{ ""gte"": -119 ,""lte"":-119 }",සද්ධාතිස්සගේ දෙවන පුත්‍රයායි.,Second son of Saddha Tissa,ඔහුගේ දෙටු සොයුරු ලජ්ජිතිස්ස කුමරු ඔහු නෙරපා රාජ උරුමය ලබා ගන්නා ලදී.
"ලංජතිස්ස,ලැමිණිතිස්",Lanja Tissa,Vijaya,විජය,Anuradhapura,අනුරාධපුර,,,,,,,,,-119,-109,10,"{ ""gte"": -119 ,""lte"":-109 }",තුලත්ථන රජුගේ වැඩිමහල් සොහොයුරායි. සද්ධාතිස්ස රජුගේ වැඩිමහල්ම පුත්‍රයායි.,Older brother of Thullattana.Oldest son of Saddha Tissa,සිය සොහොයුරා මරා රජවිය
"ඛල්ලාඨනාග,කලුන්නා","Khallata Naga,Kalunna",Vijaya,විජය,Anuradhapura,අනුරාධපුර,,,,,,,,,-109,-104,5,"{ ""gte"": -109 ,""lte"":-104 }",ලංජතිස්ස රජුගේ සොහොයුරායි. සද්ධාතිස්ස රජුගේ තෙවන පුත්‍රයායි.,Brother of Lanja Tissa.Third son of Saddha Tissa,මහාරත්ථක නම් සෙනෙවියකු අතින් ඝාතනයට ලක්විය
"වට්ටගාමිණී අභය,වළගම්බාහු I,වළගම්බා","Vattagamani Abhaya,Valagambahu I,Walagamba",Vijaya,විජය,Anuradhapura,අනුරාධපුර,"Abhayagiriya, Lankaramaya, Dambulla Rajamaha Viharaya","අභයගිරිය,ලංකාරාමය​,දඹුල්ල රජමහා විහාරය",,,,,,,-104,-103,1,"{ ""gte"": -104 ,""lte"":-103 }",සද්ධාතිස්ස රජුගේ සිව්වන පුත්‍රයායි.,Fourth son of Saddha Tissa,අගමෙහෙසිය වූයේ සෝමා දේවියයි. පුතා මහානාග කුමාරයා වේ. එතුමා රාජ්‍යයත්වයට පත් වි මාස 5 කට පසු සත් ද්‍රවිඩ ආක්‍රමණය සහ තීය බ්‍රාහ්මණයාගේ කැරැල්ල හමුවේ පරාජයට පත් වි සිහසුන අහිමිවිය. ආක්‍රමණිකයන් පරාජය කර නැවත සිහසුන ලබාගැනිමට එතුමාට හැකි විය. මාතලේ අළුවිහාරයේදි මුල්වරට ත්‍රිපිටකය ග්‍රන්ථාරූඪ කිරිම එතුමාගේ රාජ්‍ය අනුග්‍රහය ඇතිව සිදුවු මහඟු ක්‍රියාවලියකි.
පුලහත්ථ,Pulahatta,Pandya,පාණ්ඩ්‍ය,Anuradhapura,අනුරාධපුර,,,,,,,,,-103,-100,3,"{ ""gte"": -103 ,""lte"":-100 }",ආක්‍රමණිකයෙකි,An invader,පන්ච ද්‍රවිඩයන් ගෙන් පළමුවැන්නා විය. බාහිය විසින් ඔහු මරා දමන ලදි
බාහිය,Bahiya,Pandya,පාණ්ඩ්‍ය,Anuradhapura,අනුරාධපුර,,,,,,,,,-100,-98,2,"{ ""gte"": -100 ,""lte"":-98 }",පුලහත්ථගේ ප්‍රධාන අමාත්‍යවරයායි.,Chief Minister of Pulahatha,පුලහත්ථ මරා රජකම පැහැර ගති. පණය මාර විසින් ඔහු මරා දමන ලදි
පණය මාර,Panya Mara,Pandya,පාණ්ඩ්‍ය,Anuradhapura,අනුරාධපුර,,,,,,,,,-98,-91,7,"{ ""gte"": -98 ,""lte"":-91 }",බාහියගේ අග්‍රාමාත්‍යවරයායි.,Prime Minister of Bahiya,බාහිය මරා රජකම පැහැර ගති. පිලිය මාර විසින් ඔහු මරා දමන ලදි
පිලිය මාර,Pilaya Mara,Pandya,පාණ්ඩ්‍ය,Anuradhapura,අනුරාධපුර,,,,,,,,,-91,-90,1,"{ ""gte"": -91 ,""lte"":-90 }",පනයමාරගේ ප්‍රධාන අමාත්‍යවරයායි.,Chief Minister of Panayamara,පණය මාර මරා රජකම පැහැර ගති. දාඨික විසින් ඔහු මරා දමන ලදි
දාඨික,Dathika,Pandya,පාණ්ඩ්‍ය,Anuradhapura,අනුරාධපුර,,,,,,,,,-90,-88,2,"{ ""gte"": -90 ,""lte"":-88 }",පිළයමාරගේ ප්‍රධාන අමාත්‍යවරයායි.,Chief Minister of Pilayamara,පිලිය මාර මරා රජකම පැහැර ගති. වළගම්බා රජු විසින් ඔහු මරා දමන ලදි
"මහාචූලි මහාතිස්ස,මහාචූලි මහාතිස්ස","Mahakuli Mahatissa,Maha Cula Maha Tissa",Vijaya,විජය,Anuradhapura,අනුරාධපුර,,,,,,,,,-76,-62,14,"{ ""gte"": -76 ,""lte"":-62 }",ඛල්ලාටනාග රජුගේ පුත්‍රයායි. වළගම්බා රජුගේ බෑණායි.,Son of Khallatanaga.Nephew and adopted son of Valagambahu I,
"චෝරනාග,මහානාග","Chora Naga,Mahanaga",Vijaya,විජය,Anuradhapura,අනුරාධපුර,,,,,,,,,-62,-50,12,"{ ""gte"": -62 ,""lte"":-50 }",වළගම්බා රජුගේ පුත්‍රයායි. මහාචූලි මහාතිස්සගේ ඥාති සොහොයුරායි.,Son of Valagambahu I.Cousin of Mahakuli Mahatissa,
කුඩා තිස්ස,Kuda Tissa,Vijaya,විජය,Anuradhapura,අනුරාධපුර,,,,,,,,,-50,-47,3,"{ ""gte"": -50 ,""lte"":-47 }",මහාචූලි මහාතිස්ස රජුගේ පුත්‍රයායි.,Son of Mahakuli Mahatissa,
Iවන සිව,Siva I,Vijaya,විජය,Anuradhapura,අනුරාධපුර,,,,,,,,,-47,-47,0,"{ ""gte"": -47 ,""lte"":-47 }",,,
වටුක,Vatuka,Vijaya,විජය,Anuradhapura,අනුරාධපුර,,,,,,,,,-47,-47,0,"{ ""gte"": -47 ,""lte"":-47 }",,,
දාරුභාතික තිස්ස,Darubhatika Tissa,Vijaya,විජය,Anuradhapura,අනුරාධපුර,,,,,,,,,-47,-47,0,"{ ""gte"": -47 ,""lte"":-47 }",,,
නීලිය,Niliya,Vijaya,විජය,Anuradhapura,අනුරාධපුර,,,,,,,,,-47,-47,0,"{ ""gte"": -47 ,""lte"":-47 }",,,
අනුලා රැජින,Anula,Vijaya,විජය,Anuradhapura,අනුරාධපුර,,,,,,,,,-47,-42,5,"{ ""gte"": -47 ,""lte"":-42 }",චෝරනාග සහ කුඩාතිස්සගේ වැන්දඹුවයි.,Widow of Chora Naga and Kuda Tissa,අර්ථවත් පාලනයක් ගෙන ගිය ශ්‍රී ලංකාවේ ප්‍රථම රැජිණයි. එසේම ඇය ආසියාවේ ප්‍රථම රාජ්‍ය පාලිකාව ද වේ. අනුලා රැජිණ බලයට පත් වූයේ චෝරනාග රජුගේ බිසව ලෙසිණි. තමාගේ පාලන කාලය තුළ අඩු ගණනේ තවත් ස්වාමි පුරුෂයන් හතර දෙනෙකුට වස දුන්නාය.
කූටකණ්ණ තිස්ස,Kutakanna Tissa,Vijaya,විජය,Anuradhapura,අනුරාධපුර,,,,,,,,,-42,-20,22,"{ ""gte"": -42 ,""lte"":-20 }",කුඩා තිස්සගේ සොහොයුරායි.මහාචූලි මහාතිස්ස රජුගේ දෙවන පුත්‍රයායි.,Brother of Kuda TissaSecond son of Mahakuli Mahatissa,
භාතිකාභය අභය,Bhatikabhaya Abhaya,Vijaya,විජය,Anuradhapura,අනුරාධපුර,,,,,,,,,-20,9,29,"{ ""gte"": -20 ,""lte"":9 }",කූටකණ්ණ තිස්ස රජුගේ පුත්‍රයායි.,Son of Kuttakanna Tissa,සිය සොයුරු මහානාම කුමරු සමග ලෙන්ගතුකමකින් ද ක්‍රියාකළ බව මේ රජුගේ බෞද්ධ පුජාවන් නිසා ම ලංකා ඉතිහාසයේ විශේෂ ස්ථානයක් ගනී. ලෝවා මහා පායේ ප්‍රතිසංස්කරණ කටයුතු කරවීම. රුවැන්වැලිසෑය මල් හා ජල පූජාවන් පැවැත්වීය.
මහාදාඨික මහානාග,Mahadathika Mahanaga,Vijaya,විජය,Anuradhapura,අනුරාධපුර,Ambasthala Mahathupaya in Mihintale,මිහින්තලේ අම්බස්ථල මහාථූපය,,,,,,,9,21,12,"{ ""gte"": 9 ,""lte"":21 }",භාතික අභය රජුගේ සොහොයුරායි.,Brother of Bhatika Abhaya,රුවැන්වැලිසෑය ගලින් කළ පේසාවළල්ලට පහලින් කිඤ්ජක්ඛ නැමැති පියුම් කැටයම් කළ ගල් ඇතිරෙව්වා.  අඹතල මහා සෑයේ සතර දොරටුවේ රුවන්කණු සතරක් කෙරෙව්වා. සීගිරිය පර්වතය අවට යොදුනක් පමණ දුර අලංකාර ලෙස ගමන් මාර්ග සතරක් කරවා සතර පැත්තේ දොරටු සතරක් තැනෙව්වා.
අමණ්ඩගාමිණී අභය,Amandagamani Abhaya,Vijaya,විජය,Anuradhapura,අනුරාධපුර,,,,,,,,,21,30,9,"{ ""gte"": 21 ,""lte"":30 }",මහාදාඨික මහානාග රජුගේ පුත්‍රයායි.,Son of Mahadathika Mahanaga,
කණිරජානු තිස්ස,Kanirajanu Tissa,Vijaya,විජය,Anuradhapura,අනුරාධපුර,,,,,,,,,30,33,3,"{ ""gte"": 30 ,""lte"":33 }",අමණ්ඩගාමිණී අභය රජුගේ සොහොයුරායි.,Brother of Amandagamani Abhaya,
චූලාභය,Chulabhaya,Vijaya,විජය,Anuradhapura,අනුරාධපුර,,,,,,,,,33,35,2,"{ ""gte"": 33 ,""lte"":35 }",අමණ්ඩගාමිණී අභය රජුගේ පුත්‍රයායි.,Son of Amandagamani Abhaya,
සීවලී රැජින,Sivali,Vijaya,විජය,Anuradhapura,අනුරාධපුර,,,,,,,,,35,35,0,"{ ""gte"": 35 ,""lte"":35 }",චූලාභය රජුගේ සොයුරියයි.,Sister of Chulabhaya,ඇගේ පියා මහා දාඨික මහානාග රජුය. ඉලනාග රජු ඇයව පලවා හැර සිහසුන උදුරාගත්හ.
"ඉලනාග,එලන්නා",Ilanaga(Elunna),Vijaya,විජය,Anuradhapura,අනුරාධපුර,,,,,,,"Tissa Wewa, Doorathisa Wewa, Yoda Wewa","තිස්ස වැව,දුරතිසා වැව,යෝධ වැව",38,44,6,"{ ""gte"": 38 ,""lte"":44 }",සීවලී රැජිනගේ බෑණා ය.,Nephew of Queen Sivali,
චන්දමුඛ,Chandamukha,Vijaya,විජය,Anuradhapura,අනුරාධපුර,,,,,,,,,44,52,8,"{ ""gte"": 44 ,""lte"":52 }",ඉලනාගගේ පුත්‍රයායි.,Son of Ilanaga,
යසලාලක,Yassalalaka,Vijaya,විජය,Anuradhapura,අනුරාධපුර,,,,,,,,,52,60,8,"{ ""gte"": 52 ,""lte"":60 }",චන්දමුඛසිව රජුගේ බාල සොහොයුරායි.,Younger brother of Candhamuka Siva,
"සුභරාජ,සුභ","Subharaja, Subha",Vijaya,විජය,Anuradhapura,අනුරාධපුර,,,,,,,,,60,66,6,"{ ""gte"": 60 ,""lte"":66 }",යසලාලකතිස්ස රජුගේ දොරටුපාලකයායි.,The hall porter of King Yasalaka Tissa,
වසභ,Vasabha,Lambakanna I,Iවන ලම්බකර්ණ,Anuradhapura,අනුරාධපුර,,,,,Vallipuram Gold Sannasa,වල්ලිපුරම් රන් සන්නස,"Mahavilachchiya Wewa, Manaketiya Wewa, Nochchipothana Wewa, Hiriwadunna Wewa, Elahera Wewa","මහවිලච්චිය වැව,මානාකැටිය වැව,නොච්චිපොතාන වැව,හිරිවඩුන්න වැව,ඇලහැර වැව",66,110,44,"{ ""gte"": 66 ,""lte"":110 }",,A member of the Lambakanna clan,"වී ගොවිතැනට උපකාර වනු වස් මහා පරිමාණයේ ජලාපවහන කර්මාන්ත ගොඩනැගීමෙහි පුරෝගාමියෙකු ලෙසින් එතුමා සැලකෙයි.  එතුමාගේ පාලන සමයෙහිදී වැව් 11 ක් සහ ඇළ 12 ක් තනන ලදි.  එවකට අනුරාධපුර පාලකයාව සිටි සුභරාජ රජ මරා සිහසුන පැහැර ගත් වසභ රජ, ශ්‍රී ලාංකික රජවරුන්ගේ ඉතිහාසයෙහි නව රාජ වංශයක් ඇරඹීය."
වංකනාසික තිස්ස,Vankanasika Tissa,Lambakanna I,Iවන ලම්බකර්ණ,Anuradhapura,අනුරාධපුර,,,,,,,,,110,113,3,"{ ""gte"": 110 ,""lte"":113 }",වසභ රජුගේ පුත්‍රයායි.,Son of Vasabha,චෝල ආක්‍රමණයකින් පරාජය වී සිරකරුවන් 12000ක් චෝල රටට ගෙන යන ලදි
Iවන ගජබාහු,Gajabahu I,Lambakanna I,Iවන ලම්බකර්ණ,Anuradhapura,අනුරාධපුර,,,,,,,,,113,135,22,"{ ""gte"": 113 ,""lte"":135 }",වංකනාසික තිස්ස රජුගේ පුත්‍රයායි.,Son of Vankanasika Tissa,"සොළී දේශ සිමාව අනුක්‍රමණය කිරිමත් ඔහුගේ පියා රජකළ කාලයේදී සිරකරැවන් ලෙස අල්ලාගත් 12,000 ක් සිංහලයින් මුදවා ගැනිමටත් සමඟ චෝල සිරකරුවන් 12000ක් ලංකාවට ගෙන ඒම මෙම රජගේ කාලයේ වූ වදගත් සිද්ධි වේ."
මහල්ලකනාග,Mahallaka Naga,Lambakanna I,Iවන ලම්බකර්ණ,Anuradhapura,අනුරාධපුර,,,,,,,,,135,141,6,"{ ""gte"": 135 ,""lte"":141 }",Iවන ගජබාහුගේ මාමණ්ඩියයි.,Father-in-Law of Gajabahu I,
භාතික තිස්ස,Bhatika Tissa,Lambakanna I,Iවන ලම්බකර්ණ,Anuradhapura,අනුරාධපුර,,,,,,,,,141,165,24,"{ ""gte"": 141 ,""lte"":165 }",මහල්ලකනාගගේ පුත්‍රයායි.,Son of Mahallaka Naga,
කනිට්ඨතිස්ස,Kanittha Tissa,Lambakanna I,Iවන ලම්බකර්ණ,Anuradhapura,අනුරාධපුර,,,Gem Prasad,රත්න ප්‍රසාදය​,,,,,165,193,28,"{ ""gte"": 165 ,""lte"":193 }",භාතිකතිස්ස රජුගේ බාල සොහොයුරායි.,Younger brother of Bhatika Tissa,
"චූලනාග,ඛුජ්ජනාග","Cula Naga,Khujjanaga",Lambakanna I,Iවන ලම්බකර්ණ,Anuradhapura,අනුරාධපුර,,,,,,,,,193,195,2,"{ ""gte"": 193 ,""lte"":195 }",කනිට්ඨතිස්සගේ පුත්‍රයායි.,Son of Kanitta Tissa,
"කුඩානාග,කුංචනාග","Kuda Naga, Kunchanaga",Lambakanna I,Iවන ලම්බකර්ණ,Anuradhapura,අනුරාධපුර,,,,,,,,,195,196,1,"{ ""gte"": 195 ,""lte"":196 }",චූල නාගගේ සොහොයුරායි.,Brother of Cula Naga,
Iවන සිරිනාග,Siri Naga I,Lambakanna I,Iවන ලම්බකර්ණ,Anuradhapura,අනුරාධපුර,,,,,,,,,196,215,19,"{ ""gte"": 196 ,""lte"":215 }",කුඩා නාගගේ මස්සිනායි.,Brother-in-Law of Kuda Naga,
"වෝහාරිකතිස්ස,වීර තිස්ස,වෝහාරකතිස්ස","Voharika Tissa, Vira Tissa,Voharikathissa",Lambakanna I,Iවන ලම්බකර්ණ,Anuradhapura,අනුරාධපුර,,,,,,,,,215,237,22,"{ ""gte"": 215 ,""lte"":237 }",Iවන සිරිනාගගේ පුත්‍රයායි.,Son of Siri Naga I,
අභයනාග,Abhaya Naga,Lambakanna I,Iවන ලම්බකර්ණ,Anuradhapura,අනුරාධපුර,,,,,,,,,237,245,8,"{ ""gte"": 237 ,""lte"":245 }",වෝහාරකතිස්ස‍ගේ සොහොයුරායි.,Brother of Voharaka Tissa,
IIවන සිරිනාග,Siri Naga II,Lambakanna I,Iවන ලම්බකර්ණ,Anuradhapura,අනුරාධපුර,,,,,,,,,245,247,2,"{ ""gte"": 245 ,""lte"":247 }",වෝහාරකතිස්සගේ පුත්‍රයායි.,Son of Voharaka Tissa,
විජය කුමාර,Vijaya Kumara,Lambakanna I,Iවන ලම්බකර්ණ,Anuradhapura,අනුරාධපුර,,,,,,,,,247,248,1,"{ ""gte"": 247 ,""lte"":248 }",IIවන සිරිනාගගේ පුත්‍රයායි.,Son of Siri Naga II,
Iවන සංඝතිස්ස,Sangha Tissa I,Lambakanna I,Iවන ලම්බකර්ණ,Anuradhapura,අනුරාධපුර,,,,,,,,,248,252,4,"{ ""gte"": 248 ,""lte"":252 }",,,
"Iවන සිරි සංඝබෝධි,සිරි සඟබෝ","Siri Sangha Bodhi I,Siri Sangabo",Lambakanna I,Iවන ලම්බකර්ණ,Anuradhapura,අනුරාධපුර,,,,,,,,,252,254,2,"{ ""gte"": 252 ,""lte"":254 }",,,
ගෝඨාභය,Gothabhaya,Lambakanna I,Iවන ලම්බකර්ණ,Anuradhapura,අනුරාධපුර,,,,,,,,,254,267,13,"{ ""gte"": 254 ,""lte"":267 }",,,
"Iවන ජෙට්ඨතිස්ස,IIවන දෙටුතිස්","Jettha Tissa I,Detuthis I",Lambakanna I,Iවන ලම්බකර්ණ,Anuradhapura,අනුරාධපුර,,,,,,,,,267,277,10,"{ ""gte"": 267 ,""lte"":277 }",ගෝඨාභයගේ වැඩිමහල් පුත්‍රයායි.,Eldest son of Gothabhaya,
"මහාසේන,මින්නේරි දෙවියන්",Mahasena,Lambakanna I,Iවන ලම්බකර්ණ,Anuradhapura,අනුරාධපුර,"Jethavanaramaya, Kataragama Kiri Vehera","ජේතවනාරාමය,කතරගම කිරි වෙහෙර",,,,,"Minneriya Wewa, Kandara Wewa, Kaudulla Wewa, Mahagalkadawala Wewa, Hulugalle Wewa, Hiramulla Wewa, Hurulu Wewa, Maminiya Wewa, Gal Wewa, Kalawana Wewa, Merawapiya Wewa, Pabbathantha Ela, Ridibendi Ela","මින්නේරි වැව,කණදරා වැව,කවුඩුල්ල වැව,මහගල්කඩවල වැව,හුලුගල්ල වැව,හිරාමුල්ල වැව,හුරුළු වැව,මාමිණියා වැවමා,ගල් වැව,කළවාණ වැව,මෙරවාපිය වැව,පබ්බතන්ත ඇල,රිදීබැඳි ඇල",277,304,27,"{ ""gte"": 277 ,""lte"":304 }",ජෙට්ඨතිස්සගේ සොහොයුරායි. ගෝඨාභයගේ බාල පුත්‍රයායි.,Brother of Jettha Tissa.Younger son of Gothabhaya,ලංකාවේ වැවු 16 කරවූ බව සදහන්ය. දකුණු ඉන්දියාවේ සිට ලන්කාපුරට පැමිණි සංගමිත්ත නම් ස්ථවිරයන් වහන්සේ නමක් බුදුන්වහන්සේ විසින් නියම කල පිළිවෙත් මහාවිහාරය අනුගමනය නොකරන්නේයැයි ලෙස කීම පිට මහාවිහාරය විනාශ කල බව ඉහිහාසයේ සදහන්ය. බෞද්ධාගමට වන හඅනිය දැක අමාත්‍ය මාඝවානබයගේ කැරැල්ලක් ගෙනගියේය​. ඉන් පසු මහසෙන් රජ දැහැමි විය​.
සිරිමේඝවණ්ණ,Sirimeghavanna,Lambakanna I,Iවන ලම්බකර්ණ,Anuradhapura,අනුරාධපුර,,,,,,,,,304,332,28,"{ ""gte"": 304 ,""lte"":332 }",මහාසේනගේ පුත්‍රයායි.,Son of Mahasena,
IIවන ජෙට්ඨ තිස්ස,Jettha Tissa II,Lambakanna I,Iවන ලම්බකර්ණ,Anuradhapura,අනුරාධපුර,,,,,,,,,332,341,9,"{ ""gte"": 332 ,""lte"":341 }",සිරිමේඝවණ්ණගේ සොහොයුරායි.,Brother of Sirimeghavanna,
බුද්ධදාස,Buddhadasa,Lambakanna I,Iවන ලම්බකර්ණ,Anuradhapura,අනුරාධපුර,,,,,,,,,341,370,29,"{ ""gte"": 341 ,""lte"":370 }",IIවන ජෙට්ඨතිස්සගේ පුත්‍රයායි.,Son of Jettha Tissa II,දක්‍ෂ වෙදදුරකු ලෙස ප්‍රසිද්ධ මෙතුමා ඉතා ධාර්මික රජකුවිය. මෙතුමා වෙදපොත් රැසක් රචනාකළ බව සදහන්වේ. එසේම මිනිසුන්ට පමනක් නොව සතුනට පවා වෙදකම් කළේය. දිවයින පුරා රෝහල් ආදිය ඇතිකළහ. මෙතුමා දිනක් පෙනයේ ගෙඩියක් සෑදී වෙදනාවෙන් සිටි නාගරාජයෙකුට වෙදකම් කර සුවපත් කළ බවත් නාගයා රජුට කෘතගුණ සැළකීමක් ලෙස තම නාගමාණිඛය වමාරා දුන්බව ජනප්‍රවාදයේ සදහන් වෙයි.
IIවන උපතිස්ස,Upatissa I,Lambakanna I,Iවන ලම්බකර්ණ,Anuradhapura,අනුරාධපුර,,,,,,,Thopa Lake,තෝපා වැව,370,412,42,"{ ""gte"": 370 ,""lte"":412 }",බුද්ධදාස රජුගේ වැඩිමහල් පුත්‍රයායි.,Eldest son of Buddhadasa,
මහානාම,Mahanama,Lambakanna I,Iවන ලම්බකර්ණ,Anuradhapura,අනුරාධපුර,,,,,,,,,412,434,22,"{ ""gte"": 412 ,""lte"":434 }",Iවන උපතිස්සගේ සොහොයුරායි.,Brother of Upatissa I,
සොත්ථිසේන,Soththisena,Lambakanna I,Iවන ලම්බකර්ණ,Anuradhapura,අනුරාධපුර,,,,,,,,,434,434,0,"{ ""gte"": 434 ,""lte"":434 }",මහානාම රජුගේ දෙමළ බිසවකගේ පුත්‍රයායි.,Mahanama's son born to a Tamil mother,
"ඡත්තගාහක ජන්ත,ඡත්තගාහක","Chattagahaka Jantu,Chhattagahaka",Lambakanna I,Iවන ලම්බකර්ණ,Anuradhapura,අනුරාධපුර,,,,,,,,,434,435,1,"{ ""gte"": 434 ,""lte"":435 }",මහානාම රජුගේ සිංහල රැජිනගේ දියණිය වූ සංඝාගේ සැමියායි.,Husband of Sangha.Daughter of Mahanama by his Sinhala Queen,
මිත්තසේන,Mittasena,Lambakanna I,Iවන ලම්බකර්ණ,Anuradhapura,අනුරාධපුර,,,,,,,,,435,436,1,"{ ""gte"": 435 ,""lte"":436 }",සිහසුන පැහැරගත්තෙකි.,A noted plunderer,
පණ්ඩු,Pandu,Pandya,පාණ්ඩ්‍ය,Anuradhapura,අනුරාධපුර,,,,,,,,,436,441,5,"{ ""gte"": 436 ,""lte"":441 }",පාණ්ඩ්‍ය ආක්‍රමණිකයෙකි.,Pandyan Invader,
පාරින්ද,Parindu,Pandya,පාණ්ඩ්‍ය,Anuradhapura,අනුරාධපුර,,,,,,,,,441,441,0,"{ ""gte"": 441 ,""lte"":441 }",පණ්ඩුගේ පුත්‍රයායි.,Son of Pandu,
ඛුද්ද පාරින්ද,Khudda Parinda,Pandya,පාණ්ඩ්‍ය,Anuradhapura,අනුරාධපුර,,,,,,,,,441,447,6,"{ ""gte"": 441 ,""lte"":447 }",පණ්ඩුගේ බාල සොහොයුරායි.,Younger brother of Pandu,
තිරිතර,Tiritara,Pandya,පාණ්ඩ්‍ය,Anuradhapura,අනුරාධපුර,,,,,,,,,447,447,0,"{ ""gte"": 447 ,""lte"":447 }",සිව්වන දෙමළ පාලකයායි.,Fourth Tamil ruler,
දාඨිය,Dathiya,Pandya,පාණ්ඩ්‍ය,Anuradhapura,අනුරාධපුර,,,,,,,,,447,450,3,"{ ""gte"": 447 ,""lte"":450 }",පස්වන දෙමළ පාලකයායි.,Fifth Tamil ruler,
පීඨිය,Pithiya,Pandya,පාණ්ඩ්‍ය,Anuradhapura,අනුරාධපුර,,,,,,,,,450,452,2,"{ ""gte"": 450 ,""lte"":452 }",සයවන දෙමළ පාලකයායි.,Sixth Tamil ruler,
ධාතුසේන,Dhatusena,Moriya,මෝරිය,Anuradhapura,අනුරාධපුර,Aukana Buddha statue,අවුකන බුද්ධ ප්‍රතිමාව,,,,,"Kala Wewa, Yoda Ela, Balalu Wewa, Madathugama Wewa, Panagamda Wewa","කලා වැව,යෝධ ඇළ,බලලු වැව, මාදතුගම වැව,පානගම්‌ වැව",463,479,16,"{ ""gte"": 463 ,""lte"":479 }",මාහානාමගේ දියණිය වූ සංඝාගේ පුත්‍රයායි.,"Son of Sangha, the daughter of Mahanama",මෞර්ය රාජ වංශයේ පළමු රජුයි. 27 වසරක පාණ්ඩ්‍ය පාලනයෙන් අනුරාධපුරය මුදා ගත්තේ ය. තම පුතා වන කාශ්‍යප විසින් පස්ගසා ඝාතනය කරනලදි.
"Iවන කාශ්‍යප,Iවන කස්සප",Kashyapa I,Moriya,මෝරිය,Anuradhapura,අනුරාධපුර,,,Sigiriya,සීගිරිය,,,,,479,497,18,"{ ""gte"": 479 ,""lte"":497 }",පල්ලව බිසවකට දාව උපන් ධාතුසේන රජුගේ පුත්‍රයෙකි.,Son of King Dhatusena by a Pallava woman,"පල්ලව බිසවකට දාව උපත ලබා ඇත​. රජ සිරිතට අනුව සිහසුන ලැබිය යුත්තේ කාශ්‍යපගේ සොයුරු මුගලං ට උවද​, විහාර සෙන්පතියා සමඟ කුමන්ත්‍රණය කර ධාතුසේන රජු සිහසුනෙන් නෙරපා හැර රාජ්‍ය පවරා ගන්නා ලදි. මුගලං ගෙන් එල්ල විය හැකි ප්‍රහරයන්ට පිලියමක් ලෙස සීගිරිය තම මාලිගාව ලෙස නිර්මාණය කලේය​"
"Iවන මොග්ගල්ලාන,Iවන මුගලන්",Moggallana I,Moriya,මෝරිය,Anuradhapura,අනුරාධපුර,,,,,,,,,497,515,18,"{ ""gte"": 497 ,""lte"":515 }",ධාතුසේනගේ පුත්‍රයායි.කාශ්‍යපගේ සොහොයුරායි.,Son of Dhatusena.Brother of Kasyapa,කාශ්‍යප රාජ්‍යත්වය අල්ලා ගැනීමෙන් පසු බියපත් වූ මුගලන් ඉන්දියාවට පැන ගියේය​.ඉන්පසු නවත පැමිණ කාශ්‍යප නරපා සිහසුන අල්ල ගත්තේය​.
කුමාර ධාතුසේන,Kumara Dhatusena,Moriya,මෝරිය,Anuradhapura,අනුරාධපුර,,,,,,,,,515,524,9,"{ ""gte"": 515 ,""lte"":524 }",මොග්ගල්ලානගේ පුත්‍රයායි.,Son of Mogallana,
කිත්තිසේන,Kittisena,Moriya,මෝරිය,Anuradhapura,අනුරාධපුර,,,,,,,,,524,524,0,"{ ""gte"": 524 ,""lte"":524 }",කුමාර ධාතුසේනගේ පුත්‍රයායි.,Son of Kumara Dhatusena,
IIවන සිව,Siva II,Moriya,මෝරිය,Anuradhapura,අනුරාධපුර,,,,,,,,,524,525,1,"{ ""gte"": 524 ,""lte"":525 }",කීර්ති සේනගේ මාමණ්ඩියයි.,Uncle of Kirti Sena,
IIවන උපතිස්ස,Upatissa II,Moriya,මෝරිය,Anuradhapura,අනුරාධපුර,,,,,,,,,525,526,1,"{ ""gte"": 525 ,""lte"":526 }",කුමාර ධාතුසේනගේ බෑණායි.,Son-in-Law of Kumara Dhatusena,
සිලාකාල අම්බසාමණේර,Silakala Ambosamanera,Moriya,මෝරිය,Anuradhapura,අනුරාධපුර,,,,,,,,,526,539,13,"{ ""gte"": 526 ,""lte"":539 }",ලම්බකර්ණ පෙළපතේ කුමරෙකි.,"A Son-in-Law of Upatissa, prince of Lambakanna stock",
දාඨාපභූති,Dathappabhuti,Moriya,මෝරිය,Anuradhapura,අනුරාධපුර,,,,,,,,,539,540,1,"{ ""gte"": 539 ,""lte"":540 }",සිලාකාලගේ දෙවන පුත්‍රයායි.,Second son of Silakala,
"IIවන මොග්ගල්ලාන,IIවන මුගලන්",Moggallana II,Moriya,මෝරිය,Anuradhapura,අනුරාධපුර,,,,,,,"Nachchaduwa Wewa, Padaviya Wewa, Giritara Wewa","නාච්චදූව වැව​,පදවිය වැව​,ගිරිතර වැව",540,560,20,"{ ""gte"": 540 ,""lte"":560 }",දාඨාපතිස්සගේ වැඩිමහල් සොයුරායි.,Eldest brother of Dathappabhuti,
කිත්තිසිරි මේඝවණ්ණ,Kittisiri Meghavanna,Moriya,මෝරිය,Anuradhapura,අනුරාධපුර,,,,,,,,,560,561,1,"{ ""gte"": 560 ,""lte"":561 }",IIවන මොග්ගල්ලානගේ පුත්‍රයායි.,Son of Mogallana II,
මහානාග,Maha Naga,Moriya,මෝරිය,Anuradhapura,අනුරාධපුර,,,,,,,,,561,564,3,"{ ""gte"": 561 ,""lte"":564 }",දාඨාපතිස්ස රජුගේ යුධ අමාත්‍යවරයායි.,Minister of War under King Dathapatissa,
"Iවන අග්ගබෝධි,Iවන අග්බෝ",Aggabodhi I,Moriya,මෝරිය,Anuradhapura,අනුරාධපුර,,,Kuttam Pond,කුට්ටම් පොකුණ,,,"Mamaduwa Lake, Cinnamon Lake, Siriwaddamanaka Lake, Mihinthala Lake","මාමඩුව වැව​,කුරුඳු වැව​,සිරිවඩ්ඩමානක වැව,මිහින්තලා වැව",564,598,34,"{ ""gte"": 564 ,""lte"":598 }",මහානා‍ගගේ සොහොයුරෙක. ි‍මහානාග රජුගේ බෑණා සහ උප-රජු විය.,Mother's brother's son and Sub-King of Mahanaga,
"IIවන අග්ගබෝධි,IIවන අග්බෝ",Aggabodhi II,Moriya,මෝරිය,Anuradhapura,අනුරාධපුර,,,,,,,"Giritale Lake, Kantale Lake","ගිරිතලේ වැව,කන්තලේ වැව",598,608,10,"{ ""gte"": 598 ,""lte"":608 }",Iවන අග්ගබෝධිගේ බෑණා සහ ඥාති පුත්‍රයායි.,Nephew and son-in-law of Aggabodhi I,
IIවන සංඝතිස්ස,Sangha Tissa II,Moriya,මෝරිය,Anuradhapura,අනුරාධපුර,,,,,,,,,608,608,0,"{ ""gte"": 608 ,""lte"":608 }",IIවන අග්ගබෝධිගේ සොහොයුරා සහ අසිපත්ධාරියා විය.,Brother and Sword-bearer of Aggabodhi II,
"IIIවන මොග්ගල්ලාන,IIIවන මුගලන්",Moggallana III,Moriya,මෝරිය,Anuradhapura,අනුරාධපුර,,,,,,,,,608,614,6,"{ ""gte"": 608 ,""lte"":614 }",IIවන අග්ග‍බෝධි රජ සමයේ ප්‍රධාන සෙන්පතියා විය.,Commander-in-Chief during the reign of Aggabodhi II,
සිලාමේඝවණ්ණ,Silameghavanna,Moriya,මෝරිය,Anuradhapura,අනුරාධපුර,,,,,,,,,614,623,9,"{ ""gte"": 614 ,""lte"":623 }",මොග්ගල්ලාන රජුගේ අසිපත්ධාරියායි.,King Mogallana's Sword-bearer,
"IIIවන අග්ගබෝධි,IIIවන අග්බෝ",Aggabodhi III,Moriya,මෝරිය,Anuradhapura,අනුරාධපුර,,,,,,,,,623,623,0,"{ ""gte"": 623 ,""lte"":623 }",සිලාමේඝවණ්ණගේ පුත්‍රයායි.,Son of Silimeghavanna,
IIIවන ජෙට්ඨතිස්ස,Jettha Tissa III,Moriya,මෝරිය,Anuradhapura,අනුරාධපුර,,,,,,,,,623,624,1,"{ ""gte"": 623 ,""lte"":624 }",සංඝතිස්ස රජුගේ පුත්‍රයායි.,Son of King Sangha Tissa,
IIIවන අග්ගබෝධි,Aggabodhi III,Moriya,මෝරිය,Anuradhapura,අනුරාධපුර,,,,,,,,,624,640,16,"{ ""gte"": 624 ,""lte"":640 }",සිලාමේඝවණ්ණගේ පුත්‍රයායි.,Son of Silimeghavanna,
"Iවන දාඨෝපතිස්ස,හත්ථදාඨ","Dathopa Tissa I,Hatthadpatha",Moriya,මෝරිය,Anuradhapura,අනුරාධපුර,,,,,,,,,640,652,12,"{ ""gte"": 640 ,""lte"":652 }",ජෙට්ඨතිස්ස (දාඨාසිව) රජුගේ සෙන්පතියෙකි.,General of Jettha Tissa (Dathasiva),
IIවන කස්සප,Kassapa II,Moriya,මෝරිය,Anuradhapura,අනුරාධපුර,,,,,,,,,652,661,9,"{ ""gte"": 652 ,""lte"":661 }",IIවන අග්බෝගේ සොහොයුරායි. දාඨෝපතිස්ස රජුගේ උප-රජෙකි.,Brother of Aggabodhi IIISub-King of Dathopa Tissa,
Iවන දප්පුල,Dappula I,Moriya,මෝරිය,Anuradhapura,අනුරාධපුර,,,,,,,,,661,664,3,"{ ""gte"": 661 ,""lte"":664 }",සිලාමේඝවණ්ණගේ බෑණායි.,Son in law of Silimeghavanna,
IIවන දාඨෝපතිස්ස,Dathopa Tissa II,Moriya,මෝරිය,Anuradhapura,අනුරාධපුර,,,,,,,,,664,673,9,"{ ""gte"": 664 ,""lte"":673 }",Iවන දාඨෝපතිස්ස (හත්ථදාඨ) රජුගේ ඥාති පුත්‍රයායි.,Nephew of Dathopa Tissa I (Hattha Datha),
"IVවන අග්ගබෝධි,IVවන අග්බෝ",Aggabodhi IV,Moriya,මෝරිය,Anuradhapura,අනුරාධපුර,,,,,,,,,673,689,16,"{ ""gte"": 673 ,""lte"":689 }",දාඨෝපතිස්සගේ බාල සොහොයුරායි.,Younger brother of Dathopa Tissa,
උන්හනගර හත්ථදාඨ,Unhanagara Hatthadatha,Moriya,මෝරිය,Anuradhapura,අනුරාධපුර,,,,,,,,,691,691,0,"{ ""gte"": 691 ,""lte"":691 }",,,රාජකීය පෙළපතේ ප්‍රධානියකු වූ මොහුව සිහසුනට පත්කරන ලද්දේ ධනවත් දෙමළ නිලධාරියකු විසිනි.
මානවම්ම,Manavanna,Lambakanna II,IIවන ලම්බකර්ණ,Anuradhapura,අනුරාධපුර,,,,,,,,,691,726,35,"{ ""gte"": 691 ,""lte"":726 }",Iවන කස්සපගේ පුත්‍රයායි. ,Son of Kassapa I.Descendant of Silamegahavanna,සිලාමේඝවණ්ණගෙන් පැවතෙන්නෙකි. දෙවන දාඨෝපතිසුස රජුගේ කාලයේ ඉන්දියාවට පලා ගොස් එහිදී සටන් ශිල්ප හදාරා පසුව ඉන්දියාවේ පල්ලව රජුගේ හමුදාවට බැදී රජුගේ සිත දිනාගෙන පල්ලව රජුගේ උදවු ඇතිව සේනාවක් සමග ලංකාවට පැමින හත්ථදාට රජුමරා සිහසුන ලබාගත්හ.
"Vවන අග්ගබෝධි,Vවන අග්බෝ",Aggabodhi V,Lambakanna II,IIවන ලම්බකර්ණ,Anuradhapura,අනුරාධපුර,,,,,,,,,726,732,6,"{ ""gte"": 726 ,""lte"":732 }",මානවම්මගේ පුත්‍රයෙකි.,Son of Manavamma,
IIIවන කස්සප,Kassapa III,Lambakanna II,IIවන ලම්බකර්ණ,Anuradhapura,අනුරාධපුර,,,,,,,,,732,738,6,"{ ""gte"": 732 ,""lte"":738 }",Vවන අග්ගබෝධිගේ සොහොයුරායි.,Brother of Aggabodhi V,
Iවන මහින්ද,Mahinda I,Lambakanna II,IIවන ලම්බකර්ණ,Anuradhapura,අනුරාධපුර,,,,,,,,,738,741,3,"{ ""gte"": 738 ,""lte"":741 }",IIIවන කස්සපගේ ‍බාල සොහොයුරායි.,Younger brother of Kassapa III,
"VIවන අග්ගබෝධි,VIවන අග්බෝ",Aggabodhi VI,Lambakanna II,IIවන ලම්බකර්ණ,Anuradhapura,අනුරාධපුර,,,,,,,,,741,781,40,"{ ""gte"": 741 ,""lte"":781 }",IIIවන කස්සපගේ පුත්‍රයායි.,Son of Kassapa III,
"VIIවන අග්ගබෝධි,VIIවන අග්බෝ",Aggabodhi VII,Lambakanna II,IIවන ලම්බකර්ණ,Anuradhapura,අනුරාධපුර,,,,,,,,,781,787,6,"{ ""gte"": 781 ,""lte"":787 }",මහින්දගේ පුත්‍රයෙකි.,Son of Mahinda,පොළොන්නරුවේ සිට
"IIවන මහින්ද,සිලාමේඝ","Mahinda II,Silamegha",Lambakanna II,IIවන ලම්බකර්ණ,Anuradhapura,අනුරාධපුර,,,,,,,,,787,807,20,"{ ""gte"": 787 ,""lte"":807 }",VIවන අග්ගබෝධිගේ පුත්‍රයායි.,Son of Aggabodhi VI,
IIවන දප්පුල,Dappula II,Lambakanna II,IIවන ලම්බකර්ණ,Anuradhapura,අනුරාධපුර,,,,,,,,,807,812,5,"{ ""gte"": 807 ,""lte"":812 }",IIවන මහින්දගේ පුත්‍රයායි. IIවන මහින්දගේ උප-රජෙකි.,Son of Mahinda II.The sub-king of Mahinda II,
IIIවන මහින්ද,Mahinda III,Lambakanna II,IIවන ලම්බකර්ණ,Anuradhapura,අනුරාධපුර,,,,,,,,,812,816,4,"{ ""gte"": 812 ,""lte"":816 }",IIවන දප්පුලගේ පුත්‍රයායි.,Son of Dappula II,
"VIIIවන අග්ගබෝධි,VIIIවන අග්බෝ",Aggabodhi VIII,Lambakanna II,IIවන ලම්බකර්ණ,Anuradhapura,අනුරාධපුර,,,,,,,,,816,827,11,"{ ""gte"": 816 ,""lte"":827 }",IIIවන මහින්දගේ සොහොයුරායි.,Brother of Mahinda III,
IIIවන දප්පුල,Dappula III,Lambakanna II,IIවන ලම්බකර්ණ,Anuradhapura,අනුරාධපුර,,,,,,,,,827,843,16,"{ ""gte"": 827 ,""lte"":843 }",VIIIවන අග්ගබෝධිගේ බාල සොහොයුරායි.,Younger brother of Aggabodhi VIII,
"IXවන අග්ගබෝධි,IXවන අග්බෝ",Aggabodhi IX,Lambakanna II,IIවන ලම්බකර්ණ,Anuradhapura,අනුරාධපුර,,,,,,,,,843,846,3,"{ ""gte"": 843 ,""lte"":846 }",IIIවන දප්පුලගේ පුත්‍රයායි.,Son of Dappula III,
Iවන සේන,Sena I,Lambakanna II,IIවන ලම්බකර්ණ,Anuradhapura,අනුරාධපුර,,,,,,,,,846,866,20,"{ ""gte"": 846 ,""lte"":866 }",IXවන අග්ගබෝධිගේ බාල සොහොයුරායි.,Younger brother of Aggabodhi IX,
IIවන සේන,Sena II,Lambakanna II,IIවන ලම්බකර්ණ,Anuradhapura,අනුරාධපුර,,,,,,,,,866,901,35,"{ ""gte"": 866 ,""lte"":901 }",Iවන සේනගේ බෑණායි.කස්සපගේ පුත්‍රයායි.,Nephew of Sena I.Son of Kassapa,
Iවන උදය,Udaya I,Lambakanna II,IIවන ලම්බකර්ණ,Anuradhapura,අනුරාධපුර,,,,,,,,,901,912,11,"{ ""gte"": 901 ,""lte"":912 }",IIවන සේනගේ උප-රජෙකි.,Brother of sub-king of Sena II,
IVවන කස්සප,Kassapa IV,Lambakanna II,IIවන ලම්බකර්ණ,Anuradhapura,අනුරාධපුර,,,,,,,,,912,929,17,"{ ""gte"": 912 ,""lte"":929 }",IIවන සේනගේ පුත්‍රයායි. Iවන උදයගේ උප-රජෙකි.,Son of Sena II.Sub-king of Udaya I,
Vවන කස්සප,Kassapa V,Lambakanna II,IIවන ලම්බකර්ණ,Anuradhapura,අනුරාධපුර,,,,,,,,,929,939,10,"{ ""gte"": 929 ,""lte"":939 }",IVවන කස්සපගේ පුත්‍රයායි.,Son of Kassapa IV,රක්ත සේනාවක් විය.මහාවංශ අටුවාව වන දම්පියා අටුවා ගැටපදය රචනා කරනු ලැබිය.
IVවන දප්පුල,Dappula IV,Lambakanna II,IIවන ලම්බකර්ණ,Anuradhapura,අනුරාධපුර,,,,,,,,,939,940,1,"{ ""gte"": 939 ,""lte"":940 }",Vවන කාස්සපගේ පුත්‍රයායි.,Son of Kassapa V,
Vවන දප්පුල,Dappula V,Lambakanna II,IIවන ලම්බකර්ණ,Anuradhapura,අනුරාධපුර,,,,,,,,,940,952,12,"{ ""gte"": 940 ,""lte"":952 }",IVවන දප්පුලගේ සොහොයුරායි.,Brother of Dappula IV,
IIවන උදය,Udaya II,Lambakanna II,IIවන ලම්බකර්ණ,Anuradhapura,අනුරාධපුර,,,,,,,,,952,955,3,"{ ""gte"": 952 ,""lte"":955 }",IIවන සේනගේ බෑණායි. Vවන දප්පුලගේ උප-රජෙකි.,Nephew of Sena II.Sub-king of Dappula V,
IIIවන සේන,Sena III,Lambakanna II,IIවන ලම්බකර්ණ,Anuradhapura,අනුරාධපුර,,,,,,,,,955,964,9,"{ ""gte"": 955 ,""lte"":964 }",IIවන උදයගේ සොහොයුරායි.,Brother of Udaya II,
IIIවන උදය,Udaya III,Lambakanna II,IIවන ලම්බකර්ණ,Anuradhapura,අනුරාධපුර,,,,,,,,,964,972,8,"{ ""gte"": 964 ,""lte"":972 }",IIIවන සේනගේ උප-රජෙකි,Sub-king of Sena III,
IVවන සේන,Sena IV,Lambakanna II,IIවන ලම්බකර්ණ,Anuradhapura,අනුරාධපුර,,,,,,,,,972,975,3,"{ ""gte"": 972 ,""lte"":975 }",Vවන කස්සපගේ පුත්‍රයායි. IIIවන උදයගේ උප-රජෙකි.,Son of Kassapa V.Sub-king of Udaya III,
IVවන මහින්ද,Mahinda IV,Lambakanna II,IIවන ලම්බකර්ණ,Anuradhapura,අනුරාධපුර,,,,,,,,,975,991,16,"{ ""gte"": 975 ,""lte"":991 }",IVවන සේනගේ සොහොයුරායි. IIIවන උදයගේ බෑණායි.සේනගේ උප-රජෙකි.,Brother of Sena IV.Nephew of Udaya III.Sub-king of Sena,
Vවන සේන,Sena V,Lambakanna II,IIවන ලම්බකර්ණ,Anuradhapura,අනුරාධපුර,,,,,,,,,991,1001,10,"{ ""gte"": 991 ,""lte"":1001 }",IVවන මහින්දගේ පුත්‍රයායි.,Son of Mahinda IV,
Vවන මහින්ද,Mahinda V,Lambakanna II,IIවන ලම්බකර්ණ,Anuradhapura,අනුරාධපුර,,,,,,,,,1001,1017,16,"{ ""gte"": 1001 ,""lte"":1017 }",Vවන සේනගේ බාල සොහොයුරායි.,Younger brother of Sena V,අනුරාධපුර රාජධානියේ අවසන් රජුය. දුර්වල පාලකයෙකුවිය. අදික බදු පැනවීම නිසා ජනයා තුල රජුකෙරේ සහයෝගය අඩුවිය. ජනයා බදු ගෙවීම පැහැර හැරීම නිසා රජුගේ භාණ්ඩාගාර හිස්වූ බව සදහන් වෙයි. යුධ ශක්තියෙන් හා ආර්ථික අතින් රජු ඉතාමත් දුර්වල වීමනිසා එවක දකුණු ඉන්දියාවේ අධිරාජ්යයක් බිහිකරමින් සිටි චෝලයන් ගේ අවධානය ලංකාව කෙරේ යොමුවිය. රාජරාජ නම් චෝල අධිරාජයා ලංකාව ආක්‍රමණය කොට පස්වන මිහිදු රජු මරා සිහසුන පැහැර ගත්තේය. පලාගොස් රුහුණ පාලනය කළේ ය.
Iවන රාජේන්ද්‍ර චෝළ,Ivana Rajendra Chola,Chola,චෝළ,Anuradhapura,අනුරාධපුර,,,,,,,,,1017,1044,27,"{ ""gte"": 1017 ,""lte"":1044 }",Iවන රාජ රාජ චෝළ රජුගේ පුත්‍රයායි.,son of King Raja Raja Chola I,
රාජාධිරාජ චෝළ,Rajadhiraja Chola,Chola,චෝළ,Anuradhapura,අනුරාධපුර,,,,,,,,,1018,1054,36,"{ ""gte"": 1018 ,""lte"":1054 }",රාජේන්ද්‍රගේ පුත්‍රයෙකි.,Son of Rajendra.,
IIවන රාජේන්ද්‍ර චෝළ,Rajendra Chola II,Chola,චෝළ,Anuradhapura,අනුරාධපුර,,,,,,,,,1051,1063,12,"{ ""gte"": 1051 ,""lte"":1063 }",රාජේන්ද්‍රගේ පුත්‍රයෙකි.,Son of Rajendra.,
වීරරාජේන්ද්‍ර චෝළ,Weerarajendra Chola,Chola,චෝළ,Anuradhapura,අනුරාධපුර,,,,,,,,,1063,1070,7,"{ ""gte"": 1063 ,""lte"":1070 }",රාජේන්ද්‍රගේ පුත්‍රයෙකි.,Son of Rajendra.,
අතිරාජේන්ද්‍ර චෝළ,Extracorporeal Chola,Chola,චෝළ,Anuradhapura,අනුරාධපුර,,,,,,,,,1067,1070,3,"{ ""gte"": 1067 ,""lte"":1070 }",වීරරාජේන්ද්‍ර චෝළගේ පුත්‍රයෙකි.,son of Weerarajendra Chola,
Iවන විජයබාහු,Vijayabahu I,Vijayabahu,විජයබාහු,Polonnaruwa,පොළොන්නරු,Stone Temple,ගල් විහාරය,,,"Ambagamuwa Inscription, Panakaduwa Copper Sannasa","අඹගමුව සෙල් ලිපිය,පනාකඩුව තඹ සන්නස",Buduguna Wewa,බුදුගුණ වැව,1056,1111,55,"{ ""gte"": 1056 ,""lte"":1111 }",,,"වසර 17 ක දිගු සටන් මෙහෙයුමකින් පසු චෝල ආක්‍රමණිකයන් සම්පුර්ණයෙන්ම ශ්‍රී ලංකාවේන් එලවා දැමිමට සමත් විය. සියවසකට පසු ශ්‍රී ලංකාව නැවත එක්සත් කිරිමට එමගින් එතුමාට හැකිවිය. එතුමාගේ පාලන කාලය තුල බුද්ධ ධර්මය නැවත පිහිටුවිමටත් යුද්ධය නිසා විනාශ වු යටිතල පහසුකම්, වෙහෙර විහාර, ගොඩනැගිලි ආදිය අළුත් වැඩියා කිරිමටත් කටයුතු කරන ලදි."
Iවන ජයබාහු,Jayabahu II,Vijayabahu,විජයබාහු,Polonnaruwa,පොළොන්නරු,,,,,,,,,1110,1111,1,"{ ""gte"": 1110 ,""lte"":1111 }",Iවන විජයබාහුගේ සොහොයුරායි. Iවන විජයබාහුගේ අග්‍රාමාත්‍යවරයා ද විය.,Brother of Vijayabahu I.Prime Minister of Vijayabahu I,(පොළොන්නරුව සහ රුහුණ)
Iවන වික්‍රමබාහු,Vikramabahu I,Vijayabahu,විජයබාහු,Polonnaruwa,පොළොන්නරු,,,,,,,,,1111,1132,21,"{ ""gte"": 1111 ,""lte"":1132 }",Iවන විජයබාහුගේ පුත්‍රයායි.,Son of Vijayabahu I,
IIවන ගජබාහු,Gajabahu II,Vijayabahu,විජයබාහු,Polonnaruwa,පොළොන්නරු,,,,,,,,,1131,1153,22,"{ ""gte"": 1131 ,""lte"":1153 }",Iවන වික්‍රමබාහුගේ පුත්‍රයායි.,Son of Vikramabahu I,
"Iවන පරාක්‍රමබාහු,මහා පරාක්‍රමබාහු",Parakramabahu I 'the Great',Vijayabahu,විජයබාහු,Polonnaruwa,පොළොන්නරු,"Eherahathi Stone Temple, Vatadage, Lanka Thilaka Temple, Alahana Pirivena, Tamil Maha Seya","ඇහඑරහති ගල් විහාරය,වටදාගෙය,ලංකා තිලක විහාරය,ආලාහන පිරිවෙන,දෙමළ මහා සෑය",,,,,"Parakrama Samudraya, Dumbutulu Wewa, Erabadu Wewa, Pada Wewa","පරාක්‍රම සමුද්‍රය​​,දුඹුටුලු වැව,එරබදු වැව, පඬා වැව",1153,1186,33,"{ ""gte"": 1153 ,""lte"":1186 }",Iවන විජයබාහුගේ මුණුපුරායි.,Grandson of Vijayabahu I,"දිවයිනෙහි උප රාජධානි තුන, එතුමා විසින් එක්සත් කරන ලදී. තම අග නගරය පුළුල් කෙරුමට හා විචිත්‍රවත් කෙරුමට යුහුසුළු වූ හේ, විසල් වාරිමාර්ග පද්ධතීන් ගොඩනැංවීම, රටෙහි යුද්ධ හමුදාව ප්‍රතිසංවිධානය කිරීම, බෞද්ධ පිළිවෙත් ප්‍රතිසංස්කරණය කිරීම, කලා කටයුතු වලට රුකුල් දීම ආදියෙහි නියැළුනු අතර, දකුණු ඉන්දියාව සහ මියන්මාරය හි හමුදා ක්‍රියාන්විතයන් හිද නිරත විය. ""අහසින් වැ‍ටෙන එක් දිය බිඳුවක්වත් මිනිසාගේ ප්‍රයෝජනයට නොගෙන මුහුදට එක් වීමට ඉඩ නොදිය යුතුය "" යන භාෂණය ඔහුගේ ජනප්‍රිය කියමන් අතුරින් එකකි."
IIවන විජයබාහු,Vijayabahu II,Vijayabahu,විජයබාහු,Polonnaruwa,පොළොන්නරු,,,,,,,,,1186,1187,1,"{ ""gte"": 1186 ,""lte"":1187 }",Iවන පරාක්‍රමබාහුගේ බෑණායි.,Parakramabahu I's nephew,
VIවන මහින්ද,Mahinda VI,Vijayabahu,විජයබාහු,Polonnaruwa,පොළොන්නරු,,,,,,,,,1187,1187,0,"{ ""gte"": 1187 ,""lte"":1187 }",කාලිංග වංශිකයෙකි.,A Kalinga,
"නිශ්ශංකමල්ල,කිර්ති නිශ්ශංක,කාලිංග ලෝකේශ්වර ",Nissanka Malla,Kalinga,කාලිංග,Polonnaruwa,පොළොන්නරු,"Rankoth Viharaya, Hatadage","රන්කොත් විහාරය​,හැටදාගේ",Nissanka Latha Mandapa,නිශ්ශංක ලතා මණ්ඩපය,"Giritale stone seat inscription, Galpotha inscription, Weligahawatta inscription, Katugahagalle inscription, Rameswaram inscription","ගිරිතලේ ගල් ආසන ලිපිය,ගල්පොත ලිපිය,වැලිගහවත්ත ලිපිය,කටුගහගල්ලේ ලිපිය,රාමේශ්වරමේ ලිපිය",,,1187,1196,9,"{ ""gte"": 1187 ,""lte"":1196 }",Iවන පරාක්‍රමබාහු රජුගේ බෑණා හෝ ඥාති පුත්‍රයෙකි.,Son-in-law or nephew to Parakrama Bahu I,"මහා පරාක්‍රමබාහු රජතුමාගේ අනුප්‍රාප්තිකයා වශයෙන් මෙරට රාජ්‍ය බලය හිමිකර ගත් විදේශීය කුමාරවරයකු ලෙස නිශ්ශංක මල්ල රජු පෙන්වා දිය හැකිය. ඉන්දියාවේ සිට පැමිණියේය​. තුන් රජය පැදකුණු කිරීම, දුස්‌ථ ලංකාවාසීන් සුස්‌ථ කිරිම, පාණ්‌ඩ්‍ය රාජ්‍ය ජයග්‍රහණය කිරීම මෙන්ම නිශ්ශංකමල්ල රජු විදේශ රාජ්‍යයන්ගෙන් පුද පඬුරු ලැබීම යනාදිය වැදගත් ය."
Iවන වීරබාහු,Vira Bahu I,Kalinga,කාලිංග,Polonnaruwa,පොළොන්නරු,,,,,,,,,1196,1196,0,"{ ""gte"": 1196 ,""lte"":1196 }",නිශ්ශංකමල්ලගේ පුත්‍රයායි.,Son of Nissanka Malla,
IIවන වික්‍රමබාහු,Vikramabahu II,Kalinga,කාලිංග,Polonnaruwa,පොළොන්නරු,,,,,,,,,1196,1196,0,"{ ""gte"": 1196 ,""lte"":1196 }",නිශ්ශංකමල්ලගේ බාල සොහොයුරායි.,Younger brother of Nissanka Malla,
චෝඩගංග,Chodaganga,Kalinga,කාලිංග,Polonnaruwa,පොළොන්නරු,,,,,,,,,1196,1197,1,"{ ""gte"": 1196 ,""lte"":1197 }",නිශ්ශංකමල්ලගේ බෑණායි.,Nephew of Nissanka Malla,
ලීලාවතී රැජින,Queen Lilavati,Vijayabahu,විජයබාහු,Polonnaruwa,පොළොන්නරු,,,,,,,,,1197,1200,3,"{ ""gte"": 1197 ,""lte"":1200 }",Iවන පරාක්‍රමබාහු රජුගේ වැන්දඹුවයි.,Widow of Parakramabahu I,කිහිප වරක් සිංහාසනය දැරූ ලංකාවේ එකම රැජිනයි. ශ්‍රී වල්ලභගේ සහ සුගලාගේ දියණිය බව ප්‍රකටය. ඇයට මානාභරණ නම් සහෝදරයෙකු සිටියේය.
සහස්සමල්ල,Sahassa Malla,Kalinga,කාලිංග,Polonnaruwa,පොළොන්නරු,,,,,,,,,1200,1202,2,"{ ""gte"": 1200 ,""lte"":1202 }",නිශ්ශංකමල්ල රජුගේ බාල සොහොයුරායි.,Younger brother of Nissanka Malla,
කල්‍යාණවතී රැජින,Kalyanavati,Kalinga,කාලිංග,Polonnaruwa,පොළොන්නරු,,,,,,,,,1202,1208,6,"{ ""gte"": 1202 ,""lte"":1208 }",නිශ්ශංකමල්ල රජුගේ අගමෙහෙසියයි,Queen of Nissanka Malla,
ධර්මාශෝක,Dharmasoka,Kalinga,කාලිංග,Polonnaruwa,පොළොන්නරු,,,,,,,,,1208,1209,1,"{ ""gte"": 1208 ,""lte"":1209 }",,,අයස්මන්ත විසින් කල්‍යාණවතී රැජින ධුරයෙන් පහකොට මොහුව සිහසුනට පත්කරන ලදී. රජ වන විට මාස 3කි.
අනිකංග,Anikanga,Kalinga,කාලිංග,Polonnaruwa,පොළොන්නරු,,,,,,,,,1209,1209,0,"{ ""gte"": 1209 ,""lte"":1209 }",ධර්මාශෝකගේ පියායි.,Father of Dharmasoka,
ලෝකිස්සර,Lokissara,,,Polonnaruwa,පොළොන්නරු,,,,,,,,,1210,1211,1,"{ ""gte"": 1210 ,""lte"":1211 }",දෙමළ හමුදා නායකයෙකි.,Leader of a Tamil army.,
IIවන පරාක්‍රම පාණ්ඩ්‍ය,Parakrama Pandya,Pandya,පාණ්ඩ්‍ය ,Polonnaruwa,පොළොන්නරු,,,,,,,,,1212,1215,3,"{ ""gte"": 1212 ,""lte"":1215 }",පාණ්ඩ්‍ය රජෙකි.,Pandyan King,ආක්‍රමණිකයකි.
කාලිංග මාඝ,Kalinga Magha,Eastern Ganga,නැගෙනහිර ගංග,Polonnaruwa,පොළොන්නරු,,,,,,,,,1215,1236,21,"{ ""gte"": 1215 ,""lte"":1236 }",කාලිංගයේ කුමරෙකි.,A prince of Kalinga,ආක්‍රමණිකයකි. ක්‍රෑර හා පීඩාකාරී පාලනයක් ගෙන ගියේය​.  පරාක්‍රම පාණ්ඩ්‍ය සිහසුනෙන් පහකර ලීය. රජරට විනාෂ කරේය​.
IIIවන විජයබාහු,Vijayabahu III,Siri Sanga Bo,සිරි සඟ බෝ,Dambadeniya,දඹදෙණිය,"Beligala Temple of the Tooth, Vijayasundaramaya in Dambadeniya, Vijayabahu Temple in Wattala","බෙලිගල දළදා මාලිගය,දඹදෙනියේ විජයසුන්දරාරාමය,වත්තල විජයබාහු විහාරය ",,,,,,,1220,1224,4,"{ ""gte"": 1220 ,""lte"":1224 }",,,"දඹදෙනිය අග නගරය බවට පත් කරගෙන රාජ්‍යත්වයට පත්වු කුමරෙක් විය. මායා රට එක්සත් කොට එහි දේශපාලන ස්ථාවරත්වයක් ඇති කිරීමට හැකි විය. රැකවරණය පතා විදේශ ගත වූ භික්ෂූන් වහන්සේලා ආපසු ගෙන්වා ගැනීම, උපසම්පදා මංගල්‍යය යළි පවත්වා සංඝ සංශෝධනයක් කරවීම මෙතුමා විසින් කරන ලදි."
IIවන පරාක්‍රමබාහු,Parakkamabahu II,Siri Sanga Bo,සිරි සඟ බෝ,Dambadeniya,දඹදෙණිය,,,,,,,,,1234,1269,35,"{ ""gte"": 1234 ,""lte"":1269 }",IIIවන විජයබාහුගේ වැඩිමහල් පුත්‍රයායි.,Eldest son of Vijaya Bahu III,"දෙවන පරාක්‍රමබාහු රජතුමා බෙලිගල තිබූ දාන්ත ධාතූන් වහන්සේදඹදෙනිය ට වැඩම කර අති උත්කර්ෂවත් දළදා පූජාවක් පවත්වාමාඝ ගෙන් රට මුදවා ගන්නා බවට මහජනතාව ඉදිරියේ ප්‍රතිඥාවක් ද දුන්නේය. භාසා ශාස්ත්‍ර, ආගම් ධර්මය ආදී විසයයන් පිළිබඳ මනා නිපුනතාවයක් තිබූ නිසා මහා පඬි රුවනක් වූ දෙවන පරාක්‍රමබාහු රජ ""කලිකාල සාහිත්‍ය සර්වඥ පණ්ඩිත"" යන උපාධි නාමයෙන් ද පිදුම් ලැබීය. දෙවන් පරාක්‍රමබාහු රජතුමාට ආක්‍රමණකාරී සටන් 3කට මුහුණ දීමට සිදු විය. ඒවා නම් මාඝ රජු සමඟ පැවති යුද්ධය, චන්ද්‍රභානු රජුගේ පළමු ආක්‍රමණය හා චන්ද්‍රභානු රජුගේ දෙවන අක්‍රමණයයි."
"IVවන විජයබාහු,බෝසත් විජයබාහු",Vijayabahu IV,Siri Sanga Bo,සිරි සඟ බෝ,Dambadeniya,දඹදෙණිය,,,,,,,,,1267,1270,3,"{ ""gte"": 1267 ,""lte"":1270 }",IIවන පණ්ඩිත පරාක්‍රමබාහුගේ වැඩිමහල්ම පුත්‍රයායි.,Eldest son of Panditha Parakrama Bahu II,මිත්ත නම් සෙන්පතියෙක් ක්‍රිස්තු වර්ෂ 1272 දී රජ ගෙදර මෙහෙකරුවෙකුට අල්ලස් දී රජු මරා දමා තෙමේ රජ විය. ඨකුරක සෙන්පතියා මිත්තව මරා දමා බුවනෙකබාහු කුමරා රජ කරවීය.
Iවන බුවනෙකබාහු,Bhuvanaikabahu I,Siri Sanga Bo,සිරි සඟ බෝ,Yapahuwa,යාපහුව ,,,,,,,,,1271,1283,12,"{ ""gte"": 1271 ,""lte"":1283 }",IVවන විජයබාහුගේ සොහොයුරායි.,Brother of Vijaya Bahu IV,වන්නි නායකයින් ද උතුරේ පෙළ ගැසෙමින් සිටි නායාකයින් ද මේ රජුට පැවති අභියෝගයින් විය. කුලසේකර නම් පාණ්ඩ්‍ය රජුගේ ආර්ය චක්‍රවර්ති නම් ඇමති විශාල හමුදාවක් රැගෙන විත් යාපහුව වටලා දළදා වහන්සේ රැගෙන ගියහ​.
IIIවන පරාක්‍රමබාහු,Parakkamabahu III,Siri Sanga Bo,සිරි සඟ බෝ,Polonnaruwa,පොළොන්නරු,,,,,,,,,1302,1310,8,"{ ""gte"": 1302 ,""lte"":1310 }",Iවන බුවනෙකබාහුගේ බෑණායි. IVවන විජයබාහුගේ පුත්‍රයායි.,Nephew of Bhuvanekabahu I. Son of Vijayabahu IV.,පාණ්ඩ්‍ය දේශයට ගොස් දන්ත ධාතුව හා පාත්‍රා ධාතුව ලබා ගෙන පොළොන්නරුව අග නගරය කරගෙන රාජ්‍යත්වයට පත් විය.
"IIවන බුවනෙකබාහු,ශ්‍රී නිවාස බුවනෙකබාහු",Bhuvanaikabahu II,Siri Sanga Bo,සිරි සඟ බෝ,Dambadeniya,දඹදෙණිය,,,,,,,,,1310,1325,15,"{ ""gte"": 1310 ,""lte"":1325 }",Iවන ුබවනෙකබාහුගේ පුත්‍රයායි. IIIවන පරාක්‍රමබාහුගේ ඥාති සොහොයුරායි.,Son of Buvaneka Bahu I.Cousin of Parakrama Bahu III,තුන්වන පරාක්‍රමබාහු රජ පරාජය කර යාපහුව අගනුවර කරගෙන රජ විය. ඉන්පසු ක්‍රිස්තු වර්ෂ 1300 දී තම රාජධානිය ලෙස කුරුණෑගල තෝරා ගත්තේය.
"IVවන පරාක්‍රමබාහු,පණ්ඩිත පරාක්‍රමබාහු",Parakkamabahu IV,Siri Sanga Bo,සිරි සඟ බෝ,Kurunegala,කුරුණෑගල,,,,,,,,,1325,1325,0,"{ ""gte"": 1325 ,""lte"":1325 }",IIවන බුවනෙකබාහුගේ පුත්‍රයායි.,Son of Buvanekka Bahu II,"කුරුණෑගල යුගය ප්‍රතාපවත් කළ ශ්‍රේෂ්ඨ නරපතියකු ලෙස මොහු වැදගත් වේ. බුදු දදහමට හා ශාස්ත්‍රීය අංශයේ දියුණුවට ඉමහත් සේවයක් මෙම රජතුමාගෙන් සිදු විය. කුරුණෑගල නගරයේ දළදා මාලිගාවක් කරවීම, දළදා වහන්සේගේ ආරක්ෂාවට හා නඩත්තුවට ගම්වර පූජා කිරීම, දළදා සිරිත ලියවීම, ජාතක පොත සිංහලට හැරවීමට අනුග්‍රහය දැක්වීම,වීදාගම ඝනානන්ද පිරිවෙනට හා තොටගමුවේ විජයබා පිරිවෙනට අනුග්‍රහය දැක්වීම, මහනුවර අස්ගිරි සේනාසනය ආරම්භ කිරීම, සිංහල බෝධි වංශය අනාගත වංශය වැනි පොත් ලියවීම යනාදිය මෙම රජතුමාගෙන් වූ සේවාවන් ලෙස දැක්විය හැකිය."
"IIIවන බුවනෙකබාහු,වන්නි බුවනෙකබාහු",Bhuvanaikabahu III,Siri Sanga Bo,සිරි සඟ බෝ,Kurunegala,කුරුණෑගල,,,,,,,,,1325,1325,0,"{ ""gte"": 1325 ,""lte"":1325 }",,,කිසිම අතීත රජ පෙළපතකට සම්බන්ධ නොවූ නිසාත් වන්නි ප්‍රධානියකු හැටියට ජීවිතය ඇරඹූ නිසාත් මෙම නම යෙදෙන්නට ඇතැයි සැලකේ.
Vවන විජයබාහු,Vijayabahu V,Siri Sanga Bo,සිරි සඟ බෝ,Kurunegala,කුරුණෑගල,,,,,,,,,1325,1344,19,"{ ""gte"": 1325 ,""lte"":1344 }",යාපාපටුනේ චන්ද්‍ර බානුගේ දෙවන පුත්‍රයායි.,Second son of Chandra Banu of Jaffnapatnam,
IVවන බුවනෙකබාහු,Bhuvanaikabahu IV,Siri Sanga Bo,සිරි සඟ බෝ,Gampola,ගම්පොළ,,,,,,,,,1344,1353,9,"{ ""gte"": 1344 ,""lte"":1353 }",Vවන විජයබාහුගේ පුත්‍රයායි.,Son of Vijaya Bahu V,"ඒ කාලයේම ඔහුගේ සහෝදර පස්වන පරාක්‍රමබාහු කෑගලු දිස්ත්‍රික්කයේ දැදිගම පාලනය කළේය. මේ යුගයේම අලකේශ්වර නම් වූ ප්‍රභූ පරම්පරාවක් කළුතර දිස්ත්‍රික්කයේ රයිගම බලවත් වී සිටි අතර, ගම්පොළ රජ පවුල හා සම්බන්ධතා පැවැත්වූ තවත් ප්‍රධාන පවුලක් වශයෙන් සේනාධිලංකාර සෙනෙවිරත් පවුල හැඳින්විය හැකිය."
Vවන පරාක්‍රමබාහු,Parakkamabahu V,Siri Sanga Bo,සිරි සඟ බෝ,Gampola,ගම්පොළ,,,,,,,,,1344,1359,15,"{ ""gte"": 1344 ,""lte"":1359 }",Vවන විජයබාහුගේ පුත්‍රයායි. IVවන බුවනෙකබාහුගේ සොහොයුරායි.,Son of Vijaya Bahu V.Brother of Buvaneka Bahu IV, දැදිගම තමාගේම රාජධානියක් පවත්වා ගෙන ආ මෙම රජතුමා හතරවන බුවනෙකබාහු රජතුමාගෙන් පසු ගම්පොළ රාජ්‍යත්වයට පත් විය.
IIIවන වික්‍රමබාහු,Vikramabahu III,Siri Sanga Bo,සිරි සඟ බෝ,Gampola,ගම්පොළ,,,,,,,,,1357,1374,17,"{ ""gte"": 1357 ,""lte"":1374 }",IVවන බුවනෙකබාහුගේ පුත්‍රයායි.,Son of Buvaneka Bahu IV,හෙණ කඳ බිසෝ බණ්ඩාර නමින් දේවත්‍වෙයන් සලකන්නේ මොහුගේ අග බිසව බව සැලකේ.
Vවන බුවනෙකබාහු,F V,Siri Sanga Bo,සිරි සඟ බෝ,Gampola,ගම්පොළ,,,,,,,,,1372,1391,19,"{ ""gte"": 1372 ,""lte"":1391 }",නිශ්ශංක අලකේශ්වරට දාව IIIවන වික්‍රමබාහුගේ සොයුරියට උපන් පුත්‍රයායි.,Nissanka Alakeswara's son by the sister of Vikrama Bahu III,මේ කාලයේදී නැවතත් ආර්ය චක්‍රවර්ති ගොඩින් හා මුහුදින් සිංහල රාජ්‍යයට පහර දුන්නත් අලගක්කෝනාර ගේ ශූර මෙහෙයවීමෙන් ඒ හමුදාංක දෙකම පරාජයට පත් කරනු ලැබීය. ක්‍රිස්තු වර්ෂ 1396 දී පමණ තම රාජධානිය කෝට්ටේ ට ගෙන ගිය අතර කොට්ටේ පුරවරය සැලසුම් සහගත ව ඉඳි කරන ලද්දේ නිශ්ශංක අලගක්කෝනාර විසිනි.
IIවන වීරබාහු,Vira Bahu II,Siri Sanga Bo,සිරි සඟ බෝ,Gampola,ගම්පොළ,,,,,,,,,1391,1397,6,"{ ""gte"": 1391 ,""lte"":1397 }",Vවන බුවනෙකබාහු රජුගේ මස්සිනායි.,Brother in law of King Buvaneka Bahu V,
"වීර අලකේශ්වර,VIවන විජයබාහු",Vira Alakesvara(a.k.a. Vijaya Bahu VI),Siri Sanga Bo,සිරි සඟ බෝ,Gampola,ගම්පොළ,,,,,,,,,1397,1409,12,"{ ""gte"": 1397 ,""lte"":1409 }",,,
පරාක්‍රමබාහු ඈපා,Parakrama Bahu Epa,Siri Sanga Bo,සිරි සඟ බෝ,Gampola,ගම්පොළ,,,,,,,,,1409,1412,3,"{ ""gte"": 1409 ,""lte"":1412 }",IVවන බුවනෙකබාහු රජුගේ අමාත්‍යවරයකු වූසේනාලංකාධිකාර සෙනෙවිරත්ගේ මුණුපුරායි.,Grandson of Senalankahikara Senevirat.minister of Bhuvanaikabahu IV.,
VIවන පරාක්‍රමබාහු,Parakramabahu VI,Siri Sanga Bo,සිරි සඟ බෝ,Kotte,කෝට්ටේ,"Bellanwila Rajamaha Viharaya, Kotte Rajamaha Viharaya","බෙල්ලන්විල රජමහා විහාරය,කෝට්ටේ රජමහා විහාරය",,,,,,,1412,1467,55,"{ ""gte"": 1412 ,""lte"":1467 }",VIවන විජයබාහු රජුගේ සහ සුනේත්‍රා දේවි රැජිනගේ පුත්‍රයායි. එසේ නොවේ නම් යාපා පටුනේ චන්ද්‍ර බානුගේ තෙවන පුත්‍රයා විය හැක.,Son of Vijaya Bahu VI and his Queen Sunetra Devi.Or the third son of Chandra Banu of Yapa Patuna (Jaffnapatnam)," මුළු ලංකාවම එක්සේසත් කළ පාලකයෙක් විය. මේ රජු අභිෂේකයෙන් වසර 3කට පසු තම අගනුවර කෝට්ටේ ට ගෙන ගියේය. කෝට්ටේ නගරය අංග සම්පූර්ණ නගරයක් බවට අත් වූයේ මේ කාලයේ ය. මේ රජු සමයේ සිදු වූ වැදගත් සිදුවීම් අතර යාපනයේ පාලකයා ලෙස සපුමල් කුමරු පත් කිරීම, විජයනගර් අධිරාජ්‍යයේ තොටුපොළක් ආක්‍රමණය කිරීම, ක්‍රිස්තු වර්ෂ 1462 දී ජෝතිය සිටානන් ඇති කළ කැරැල්ලක් මැඬලීමට අම්බුළුගල කුමරු යැවීම හා වෙළඳ ගනුදෙනුවක් මුල් කරගෙන දකුණු ඉන්දියාවේ අදිවිරරාම පටුන ආක්‍රමණය කිරීම ද වෙයි.

"
"IIවන ජයබාහු,වීර පරාක්‍රමබාහු VII","Jayabahu II,Vira Parakrama Bahu VII",Siri Sanga Bo,සිරි සඟ බෝ,Kotte,කෝට්ටේ,,,,,,,,,1467,1472,5,"{ ""gte"": 1467 ,""lte"":1472 }",VIවන පරාක්‍රමබාහු රජුගේ සත්‍ය දියණිය වූ උලකුඩය දේවියගේ පුත්‍රයායි.,"Son of Parakrama Bahu II's natural daughter, Ulakudaya Devi","තමාට රජකම නොලැබීම නිසා කෝපයට පත්, යාපනයේ පාලකයා වූ සපුමල් කුමරු කෝට්ටේට පැමිණ දෙවන ජයබාහු රජු මරා දමන ලදි."
"VIවන බුවනෙකබාහු,සපුමල් කුමාරයා",Bhuvanaikabahu VI,Siri Sanga Bo,සිරි සඟ බෝ,Kotte,කෝට්ටේ,,,,,,,,,1472,1480,8,"{ ""gte"": 1472 ,""lte"":1480 }",VIවන පරාක්‍රමබාහුගේ පුත්‍රයායි.,Son of Parakrama Bahu VI,ජයබාහු රජුගේ ඝාතනය ගැන කුපිත වූ කළු ගඟ හා වළවේ ගඟ අසළ ප්‍රඩේශයේ ජනතාව හයවන බුවනෙකබාහු රජුට විරුද්ධව කැරලි ගැසූහ.
VIIවන පරාක්‍රමබාහු,Pandita Parakramabahu VII,Siri Sanga Bo,සිරි සඟ බෝ,Kotte,කෝට්ටේ,,,,,,,,,1480,1484,4,"{ ""gte"": 1480 ,""lte"":1484 }",,,අම්බුළුගල කුමරු කෝට්ටේට පැමිණ හත්වන පරාක්‍රමබාහු රජ මරා දමා අටවන වීර පරාක්‍රමබාහු නමින් කෝට්ටේ රජ විය.
VIIIවන පරාක්‍රමබාහු,Vira Parakramabahu VIII,Siri Sanga Bo,සිරි සඟ බෝ,Kotte,කෝට්ටේ,,,,,,,,,1484,1518,34,"{ ""gte"": 1484 ,""lte"":1518 }",VIවන පරාක්‍රමබාහුගේ පුත්‍රයෙකි.,Ambulagala Kumara.Son of Parakrama Bahu VI,අම්බුලුගල කුමාරයායි. 
IXවන ධර්ම පරාක්‍රමබාහු,Dharma Parakramabahu IX,Siri Sanga Bo,සිරි සඟ බෝ,Kotte,කෝට්ටේ,,,,,,,,,1509,1528,19,"{ ""gte"": 1509 ,""lte"":1528 }",VIIIවන වීර පරාක්‍රමබාහුගේ පුත්‍රයායි.,Son of Vira Parakrama Bahu VIII,",කැලණියෙහි)"
VIIවන විජයබාහු,Vijayabahu VI,Siri Sanga Bo,සිරි සඟ බෝ,Kotte,කෝට්ටේ,,,,,,,,,1509,1521,12,"{ ""gte"": 1509 ,""lte"":1521 }",IXවන ධර්ම පරාක්‍රමබාහුගේ සොහොයුරායි.,Brother of Dharma Parakrama Bahu IX.Rajah of Menik Kadavara," මැණික් කඩවරහි රජු විය. ඓතිහාසික විජයබා කොල්ලය සිදුවූයේ මෙම රජුටය​.​ විජයබා කොල්ලය යනු 1521 දී සිදුවූ ඓතිහාසික සිද්ධියක් වන අතර එහිදී කෝට්ටේ රජුගේ (සත්වන විජයබාහු රජ) පුතුන් තිදෙන ඔවුන්ගේ පිය රජුට එරෙහිව කැරලි ගසමින් තම පියා මරා දමා රාජධානිය තමන් අතරෙහි බෙදා ගත්හ. සත්වන විජයබාහු රජ හට ඔහුගේ පළමු විවාහයෙන් පුතුන් තිදෙනෙකු වූ අතර ඔවුහූ බුවනෙකබාහු (පසුව කෝට්ටේ හත්වන බුවනෙකබාහු රජ ), පරරාජසිංහ (පසුව රයිගම බණ්ඩාර) සහ මායාදුන්නේ (පසුව සීතාවක මායාදුන්නේ රජ) නම් වූහ. "
VIIවන බුවනෙකබාහු,Bhuvanekabahu VII,Siri Sanga Bo,සිරි සඟ බෝ,Kotte,කෝට්ටේ,,,,,,,,,1521,1551,30,"{ ""gte"": 1521 ,""lte"":1551 }",විජයබාහුගේ වැඩිමහල්ම පුත්‍රයායි.,Eldest son of Vijaya Bahu,"බුවනෙකබාහුගේ රාජ්‍ය කාලයේ දී, මායාදුන්නේ තම පුතු වූ පළමු රාජසිංහ සමග එක්ව පෘතුගීසීන්ට එරෙහිව ඔවුන් පලවා හැරීම සඳහා අඛණ්ඩව සටන් කළ අතර බුවනෙකබාහුගෙන් කෝට්ටේ රාජධානිය ලබා ගැනීමට ඔහුව රජකමින් පහ කිරීමට තැත් කළහ. මෙහි ප්‍රතිඵලයක් ලෙස රජුට පෘතුගීසීන්ගේ පක්ෂය ගැනීමට සිදුවූයේ තම සොයුරාගෙන් තම රාජ්‍යය ආරක්ෂා කර ගැනීමට ඔවුන්ගේ බලය අවශ්‍ය වූ බැවිනි. තම පාලන සමය තුළ ඔහු දුර්වල පාලකයෙකු වූ අතර පෘතුගීසීන් මත අධික ලෙස යැපෙමින් අවසානයේ දී ඔවුන් සමග මිත්‍ර විය. කෙසේ වුවද, ඔහු ද ආගමික නියමයන් සම්බන්ධයෙන් පෘතුගීසීන් සමග විරුද්ධ විය."
"ධර්මපාල,දොන් ජුවන් ධර්මපාල","Dharmapala,Don Juan",Siri Sanga Bo,සිරි සඟ බෝ,Kotte,කෝට්ටේ,,,,,,,,,1551,1597,46,"{ ""gte"": 1551 ,""lte"":1597 }",VIIවන බුවනෙකබාහුගේ මුණුපුරා මෙන්ම උරුමකරුවා ද විය.,Grandson and heir of Bhuvanaikabahu VII,ශ්‍රී ලංකාවේ පළමු කතෝලික රජු විය.ඉතා දුර්වල පාලකයෙකු වූ මෙතුමා කෝට්ටේ රාජධානිය පෘතුගීසීන්ට තෑගි ඔප්පුවක් මගින් පවරදුන්හ. මෙතුමා ඉතා ලබාල අවදියේදී පෟතුගීසින්ගේ වුවමනාවට සිහසුනට පත්වුවෙකු විය.  මෙතුමාට වැඩිකලක් සිහසුන හෙබවීමට නොහැකිවිය
මායාදුන්නේ,Mayadunne,Siri Sanga Bo,සිරි සඟ බෝ,Seethawaka,සීතාවක,,,,,,,,,1521,1581,60,"{ ""gte"": 1521 ,""lte"":1581 }",VIIවන බුවනෙකබාහුගේ සොහොයුරායි. VIIවන විජයබාහුගේ පුත්‍රයායි.,Brother of Bhuvaneka Bahu VII.Son of Vijaya Bahu VII,"පෘතුගීසි ජාතිකයන්ගේ සැඩපරුෂ සතුරෙක් විය.  ඔහු තම ජීවිතයම කැපකරන ලද්දේ තම සොයුරු බුවනෙකබාහු, හෙවත් කෝට්ටේ රාජධානියේ රජ බලයෙන් පහ කර එයින් පෘතුගීසි කුමන්ත්‍රණ නිසා පීඩාවට පත්ව තිබූ ශ්‍රී ලංකාවේ නිදහස රැකගැනීමට ය."
"Iවන රාජසිංහ,ටිකිරි බණ්ඩා","Rajasinha I,Tikiri Banda",Siri Sanga Bo,සිරි සඟ බෝ,Seethawaka,සීතාවක,,,,,,,,,1581,1593,12,"{ ""gte"": 1581 ,""lte"":1593 }",මායාදුන්නේගේ පුත්‍රයායි.,Son of Mayadunne,"එතුමාගේ මහත් එඩිතර බව හා දේශප්‍රේමීත්වය පිළිබඳව ඉතිහාසයේ සඳහන් වේ. සීතාවක රාජධානියේ මායාදුන්නේ රජතුමාට දාව ටිකිරි බණ්ඩාර නමින් උපත ලැබූ මෙතුමාට පෘතුගීසි හමුදා සමඟ සිදු කළ බිහිසුණු සටන් වලින් පසුව ""රාජසිංහ"" යන නාමය ලැබිණි."
"Iවන විමලධර්මසූරිය,‍ඔස්ට්‍රියාවේ දොන් ජුවාන්, කොනප්පු බණ්ඩාර","Vimaladharmasuriya I,Don Juan da Austria",Dinajara,දිනරාජ,Kandy,මහනුවර,,,,,,,,,1590,1604,14,"{ ""gte"": 1590 ,""lte"":1604 }",විජයසුන්දර බණ්ඩාරගේ පුත්‍රයායි.,Son of Vijayasundara Bandara,"මුළු දිවයිනම ප්‍රථම වතාවට මහනුවර රාජධානිය යටතේ පාලනය ගෙන යන ලදි. රත්නපුර කුරුවිට දෙල්ගමුවේ කුරහන්ගලක සඟවා තිබූ දන්ත ධාතූන් වහන්සේද සෙංකඩගලට වැඩමවා රාජ්‍යත්වයට නියම හිමිකම ඇති කරගත්තෙන් නිල වශයෙන් මුළු ලංකාවටම රජ විය.ලංකාවේ ආර්ථිකය ශක්තිමත් කිරීමට ගොවාතැන හා කපුවගාව දියුණුකිරීම, කොත්මලේ වලපනේ නගරවල යකඩ හා වානේ කර්මාන්ත දියුණු කිරීම, ලුණුවෙඩි කර්මාන්තය දියුනුනිරීම සිදුකළහ."
සෙනරත්,Senarat,Dinajara,දිනරාජ,Kandy,මහනුවර,,,,,,,,,1604,1635,31,"{ ""gte"": 1604 ,""lte"":1635 }",Iවන විමලධර්මසූරිය රජුගේ ඥාති සොහොයුරායි.,Cousin of Vimala Dharma Suriya I,
IIවන රාජසිංහ,Rajasinghe II,Dinajara,දිනරාජ,Kandy,මහනුවර,,,,,,,,,1635,1687,52,"{ ""gte"": 1635 ,""lte"":1687 }",සෙනරත් රජුගේ සහ දෝන කැතරිනා බිසව‍ගේ පුත්‍රයායි.,Son of Senarat and Dona Catherina,පෘතුග්‍රීසීන් ලංකාවෙන් පළවා හැරීමට ලන්දේසීන්ගේ උදව් පැතුවේය.රාජසිංහ රජුගේ කාලයේ සිදු වූ ඉතා වැදගත් සිදුවීමක් වූයේ ලන්දේසීන් විසින් පෘතුග්‍රීසීන් පලවා හැරීමයි.
IIවන විමලධර්මසූරිය,Vimaladharmasurya II,Dinajara,දිනරාජ,Kandy,මහනුවර,,,,,,,,,1687,1707,20,"{ ""gte"": 1687 ,""lte"":1707 }",IIවන රාජසිංහ රජුගේ පුත්‍රයායි.,Son of King Rajasinghe II,
ශ්‍රී වීර පරාක්‍රම නරේන්ද්‍රසිංහ,"Vira Narendra Sinha,Sri Vira Parakrama Narendra Singha",Dinajara,දිනරාජ,Kandy,මහනුවර,,,,,,,,,1707,1739,32,"{ ""gte"": 1707 ,""lte"":1739 }",IIවන විමලධර්මසූරිය රජුගේ පුත්‍රයායි.,Son of Vimala Dharma Suriya II, සිංහල රාජ වංශයේ අන්තිම සිංහල රජුයි.එතුමා උගත් මෙන්ම ශ්‍රද්ධාවන්ත රජ කෙනෙකු ලෙස සළකනු ලැබුවේය.එතුමා ලන්දේසි ආක්‍රමණිකයන් සමග සමාදානයෙන් කටයුතු කලේය.එතුමාගේ බිසව දකුණු ඉන්දියාවේ මදු‍රෙයි නගරයේ නායක්කර් රාජකීය පවුලේ කුමාරිකාවක් විය. රජුට සිහසුනට පත් කිරිම සදහා දරුවෙකු ලැබුණේ නැත. එම නිසා රජු ඔහුගේ අනුප්‍රාප්තිකයා ලෙස තම පළමු බිසවගේ සහෝදරයා නම් කළේය.
ශ්‍රී විජය රාජසිංහ,Sri Vijaya Rajasinha,Nayak,නායක්කර්,Kandy,මහනුවර,,,,,,,,,1739,1747,8,"{ ""gte"": 1739 ,""lte"":1747 }",වීර නරේන්ද්‍ර සිංහගේ මස්සිනා,Brother-in-law of Vira Narendra Sinha,"රටේ නොයෙක් ස්ථානවල ගල් ලෙන්වල බුදුන්ගේ සැතපෙන පිළිම, හිටි පිළිම, හා හිඳි පිළිම ජීවමාන ප්‍රමාණයට ගලින් නිම කිරීමට කටයුතු කළේය.එවකට මුහුදු බඩ ප්‍රදේශ පාලනය කරමින් සිටි ලන්දේසීන් සමග වෙළඳ කටයුතු මුල් කරගෙන සටන් කීපයක නියැලීමට රජුට සිදු විය."
කීර්ති ශ්‍රී රාජසිංහ,Kirti Sri Rajasinha,Nayak,නායක්කර්,Kandy,මහනුවර,Kandy Rajamaha Viharaya (Gangaramaya),මහනුවර රජමහා විහාරය (ගංගාරාමය),,,,,,,1747,1782,35,"{ ""gte"": 1747 ,""lte"":1782 }",ශ්‍රී විජය රාජසිංහගේ මස්සිනා,Brother-in-law of Sri Vijaya Rajasinha,සාහිත්‍යය සහ ආගමික කටයුතුවල අභිවෘද්ධිය පිණිස කාලය වැය කලේය​.ලන්දේසීන්ගේ ද උදව් ලබාගෙන බුද්ධාගමේ දියුණුව සඳහා සියමෙන් (තායිලන්තයෙන්) භික්ෂූන් වහන්සේලා ගෙන්වා ගත්තේය.ලන්දේසි බලකොටු සහ මුර පලවල්වලට පහර දිය​
ශ්‍රී රාජාධි රාජසිංහ,Sri Rajadhi Rajasinha,Nayak,නායක්කර්,Kandy,මහනුවර,,,,,,,,,1782,1798,16,"{ ""gte"": 1782 ,""lte"":1798 }",කිර්ති ශ්‍රී රාජසිංහගේ සහෝදරයා,Brother of Kirti Sri Rajasinha,"තම සහෝදරයා සමග මදුරෙයි හි සිට මෙහි පැමිණියේ කුඩා ළමයෙකුව සිටියදීය. මේ හේතුව නිසාම ඔහු හැදී වැඩුනේ උඩරැටියෙකු පරිද්දෙනි.දරුවෙකු නොමැතිව, අනුප්‍රාප්තිකයෙකු ද නම් නොකර ඔහු මිය ගියේය. සියලු වගකීම් පිළිමතලාවේ වෙත පැවරුණි."
"ශ්‍රී වික්‍රම රාජසිංහ,IVවන රාජසිංහ,කන්නසාමි","Sri Vikrama Rajasinha, Rajasinha IV,Kannasamy",Nayak,නායක්කර්,Kandy,මහනුවර,,,,,,,,,1798,1815,17,"{ ""gte"": 1798 ,""lte"":1815 }",ශ්‍රී රාජාධි රාජසිංහගේ බෑණා,Nephew of Sri Rajadhi Rajasinha,හෙළ ශ්‍රී ලංකාවේ රාජධානිය ඉංග්‍රීසීන්ට යටත්වීමට පෙර එහි අවසාන රජතුමා විය.ඛ්‍රිතාන්‍යයන් විසින් මහනුවර යුද්ධය අවසානයේදී ඔහු පරාජය කොට පහ කරන ලදි.
